0,2020-05-01,优,37,49,20,33,8,27,0.53,45
1,2020-05-02,优,36,60,24,32,7,17,0.54,62
2,2020-05-03,优,46,135,20,34,8,20,0.58,79
3,2020-05-04,优,42,127,20,31,8,18,0.55,66
4,2020-05-05,优,27,17,8,25,7,13,0.5,49
5,2020-05-06,优,25,15,12,24,6,13,0.48,42
6,2020-05-07,优,16,7,6,15,5,9,0.4,40
7,2020-05-08,优,15,9,5,15,6,9,0.45,36
8,2020-05-09,优,21,12,8,21,6,13,0.52,39
9,2020-05-10,优,24,11,10,24,7,21,0.62,43
10,2020-05-11,良,52,165,26,39,8,39,0.83,77
11,2020-05-12,优,33,49,17,31,7,24,0.76,66
12,2020-05-13,良,56,162,37,55,7,33,0.9,80
13,2020-05-14,优,42,92,19,41,6,21,0.63,97
14,2020-05-15,优,35,92,17,33,6,20,0.56,52
15,2020-05-16,优,37,111,14,34,7,25,0.57,52
16,2020-05-17,良,55,212,26,39,9,32,0.68,81
17,2020-05-18,优,38,101,21,30,8,36,0.65,63
18,2020-05-19,优,47,133,19,30,8,24,0.59,109
19,2020-05-20,优,38,88,19,35,8,26,0.62,69
20,2020-05-21,优,26,44,14,24,6,26,0.66,46
21,2020-05-22,优,27,60,10,24,6,23,0.82,55
22,2020-05-23,优,33,87,15,30,7,22,0.86,58
23,2020-05-24,优,39,149,20,37,5,24,0.8,85
24,2020-05-25,优,36,151,18,34,6,36,0.78,44
25,2020-05-26,优,35,173,20,30,5,25,0.73,69
26,2020-05-27,优,32,82,13,31,7,28,0.87,50
27,2020-05-28,良,53,195,31,53,10,36,0.9,41
28,2020-05-29,优,38,83,23,37,5,25,0.66,50
29,2020-05-30,优,23,25,13,21,5,32,0.61,30
30,2020-05-31,优,30,54,15,28,6,30,0.66,25
0,2020-04-01,优,26,36,18,22,8,26,0.68,11
1,2020-04-02,优,50,191,35,48,9,34,0.7,20
2,2020-04-03,优,40,104,27,38,8,36,0.74,16
3,2020-04-04,优,22,35,15,18,8,21,0.68,34
4,2020-04-05,优,21,24,13,19,8,20,0.68,36
5,2020-04-06,优,24,23,16,18,8,26,0.75,16
6,2020-04-07,优,30,36,20,23,9,30,0.75,29
7,2020-04-08,良,63,215,44,60,9,39,0.8,63
8,2020-04-09,良,72,272,42,67,11,53,0.71,97
9,2020-04-10,良,51,131,26,53,11,44,0.58,81
10,2020-04-11,良,64,281,43,74,8,44,0.7,51
11,2020-04-12,优,23,6,6,10,8,16,0.67,71
12,2020-04-13,优,42,53,24,36,11,29,0.53,98
13,2020-04-14,良,72,228,51,77,12,62,0.7,86
14,2020-04-15,轻度污染,117,344,74,98,13,61,0.85,147
15,2020-04-16,良,52,71,31,45,8,24,0.6,104
16,2020-04-17,优,46,65,30,46,9,31,0.61,72
17,2020-04-18,优,42,69,24,44,9,35,0.58,45
18,2020-04-19,优,43,120,27,40,8,24,0.56,53
19,2020-04-20,优,35,78,23,31,8,20,0.54,48
20,2020-04-21,优,25,41,14,24,8,17,0.51,31
21,2020-04-22,优,24,60,11,24,7,24,0.75,27
22,2020-04-23,优,17,10,8,17,8,22,0.81,33
23,2020-04-24,优,24,25,14,24,8,22,0.63,44
24,2020-04-25,良,52,187,36,48,10,32,0.69,64
25,2020-04-26,良,85,354,60,78,11,47,0.85,74
26,2020-04-27,良,59,236,38,58,12,38,0.71,98
27,2020-04-28,良,81,333,43,72,10,48,0.67,125
28,2020-04-29,良,68,216,26,57,8,23,0.5,126
29,2020-04-30,良,61,159,31,55,9,41,0.55,94
0,2020-03-01,优,32,90,21,25,8,24,0.47,56
1,2020-03-02,优,29,50,18,28,9,21,0.63,62
2,2020-03-03,优,37,128,23,35,8,21,0.6,73
3,2020-03-04,优,19,32,11,15,7,19,0.65,38
4,2020-03-05,优,19,26,11,15,8,18,0.73,42
5,2020-03-06,优,38,98,26,33,7,26,0.56,67
6,2020-03-07,优,39,89,26,34,8,29,0.53,50
7,2020-03-08,优,30,47,20,28,7,25,0.47,40
8,2020-03-09,优,28,62,18,27,6,21,0.44,39
9,2020-03-10,优,25,25,8,17,7,14,0.7,65
10,2020-03-11,优,48,116,29,49,11,26,0.69,70
11,2020-03-12,良,54,143,36,58,8,41,0.71,56
12,2020-03-13,良,52,188,37,56,7,34,0.63,35
13,2020-03-14,优,28,30,15,23,8,14,0.71,70
14,2020-03-15,良,54,130,34,56,10,21,0.65,97
15,2020-03-16,良,54,155,28,56,9,29,0.59,97
16,2020-03-17,良,55,139,31,61,7,35,0.54,69
17,2020-03-18,良,73,226,52,73,10,44,0.67,40
18,2020-03-19,优,43,109,29,34,8,35,0.68,36
19,2020-03-20,良,57,132,41,50,9,38,0.73,37
20,2020-03-21,优,43,78,28,43,7,30,0.63,38
21,2020-03-22,优,43,102,26,41,7,29,0.58,48
22,2020-03-23,优,42,95,24,35,7,29,0.53,66
23,2020-03-24,优,47,110,26,44,7,23,0.59,96
24,2020-03-25,优,41,86,21,40,7,28,0.54,83
25,2020-03-26,优,35,78,22,35,7,27,0.55,41
26,2020-03-27,优,38,239,22,39,7,32,0.58,28
27,2020-03-28,优,23,87,13,23,8,22,0.68,30
28,2020-03-29,优,35,161,12,36,8,25,0.63,45
29,2020-03-30,优,22,53,11,21,7,25,0.61,13
30,2020-03-31,优,21,25,12,20,8,24,0.73,6
0,2020-02-01,良,56,129,40,38,8,12,0.55,82
1,2020-02-02,良,54,179,39,41,8,13,0.58,84
2,2020-02-03,良,68,258,49,48,8,14,0.63,59
3,2020-02-04,优,21,31,12,11,7,9,0.63,41
4,2020-02-05,优,27,55,18,15,8,10,0.62,33
5,2020-02-06,优,31,126,21,22,7,9,0.51,73
6,2020-02-07,优,38,142,26,26,9,12,0.6,35
7,2020-02-08,优,17,33,11,10,8,7,0.59,44
8,2020-02-09,优,23,38,15,15,8,6,0.6,48
9,2020-02-10,优,37,77,26,26,9,11,0.64,44
10,2020-02-11,良,73,252,53,46,8,21,0.75,41
11,2020-02-12,良,79,273,57,52,8,26,0.78,36
12,2020-02-13,优,41,123,28,30,7,24,0.62,33
13,2020-02-14,优,28,105,19,17,7,20,0.54,29
14,2020-02-15,优,20,60,13,15,7,14,0.53,46
15,2020-02-16,优,13,16,0,3,7,8,0.73,41
16,2020-02-17,优,23,44,9,16,8,8,0.55,68
17,2020-02-18,优,28,47,14,19,8,12,0.51,74
18,2020-02-19,良,51,163,36,42,9,30,0.65,70
19,2020-02-20,优,43,87,30,36,8,30,0.65,69
20,2020-02-21,优,48,112,30,38,8,26,0.6,91
21,2020-02-22,良,68,229,49,54,9,32,0.71,73
22,2020-02-23,优,45,76,31,40,8,18,0.52,94
23,2020-02-24,优,45,63,26,46,8,20,0.49,95
24,2020-02-25,优,39,65,26,36,8,23,0.49,71
25,2020-02-26,优,42,89,25,33,8,30,0.5,62
26,2020-02-27,优,27,32,17,24,7,29,0.43,51
27,2020-02-28,优,39,196,27,33,5,21,0.43,75
28,2020-02-29,良,52,214,35,42,8,37,0.55,49
0,2020-01-01,良,67,169,48,58,10,31,0.89,34
1,2020-01-02,良,76,161,56,62,8,49,0.84,36
2,2020-01-03,良,83,170,61,73,8,57,0.84,58
3,2020-01-04,轻度污染,141,246,103,114,9,73,0.84,96
4,2020-01-05,良,74,156,54,56,6,42,0.61,66
5,2020-01-06,优,43,104,25,43,7,40,0.57,70
6,2020-01-07,良,57,228,40,58,8,59,0.73,57
7,2020-01-08,良,56,171,34,58,11,58,0.76,60
8,2020-01-09,良,61,173,36,73,8,60,0.83,62
9,2020-01-10,良,60,192,41,64,7,53,0.85,72
10,2020-01-11,良,91,260,66,79,8,62,0.95,28
11,2020-01-12,优,28,39,15,26,9,30,1.05,49
12,2020-01-13,优,50,101,33,47,14,43,1.04,47
13,2020-01-14,良,75,161,55,72,8,51,0.95,66
14,2020-01-15,良,55,104,39,57,7,40,0.73,60
15,2020-01-16,良,65,189,46,57,7,36,0.81,68
16,2020-01-17,优,21,26,11,19,7,26,1.11,37
17,2020-01-18,优,38,67,26,33,12,24,1.01,46
18,2020-01-19,优,46,87,32,36,9,21,0.99,29
19,2020-01-20,优,40,68,28,29,13,22,0.87,51
20,2020-01-21,良,56,109,39,43,6,24,0.9,64
21,2020-01-22,优,45,87,31,31,6,16,0.65,79
22,2020-01-23,优,49,130,32,27,6,20,0.55,67
23,2020-01-24,优,33,63,23,23,6,13,0.47,61
24,2020-01-25,良,54,148,39,41,8,10,0.75,39
25,2020-01-26,优,11,9,5,8,6,9,0.87,28
26,2020-01-27,优,16,24,5,7,6,6,0.68,49
27,2020-01-28,优,20,29,12,11,6,6,0.6,54
28,2020-01-29,优,39,83,27,24,7,7,0.62,67
29,2020-01-30,优,42,100,29,28,8,7,0.51,79
30,2020-01-31,优,47,88,33,32,9,11,0.53,78
0,2019-12-01,良,63,244,43,68,13,45,0.83,55
1,2019-12-02,优,34,74,20,33,9,20,0.73,55
2,2019-12-03,优,48,100,30,50,12,31,0.59,79
3,2019-12-04,良,54,120,34,57,14,44,0.63,67
4,2019-12-05,优,49,119,29,52,14,34,0.54,65
5,2019-12-06,良,52,144,35,52,12,26,0.51,89
6,2019-12-07,良,53,88,33,52,13,39,0.55,81
7,2019-12-08,良,52,64,33,53,12,46,0.58,69
8,2019-12-09,良,72,124,49,89,20,72,0.79,34
9,2019-12-10,良,76,135,54,92,22,80,0.82,46
10,2019-12-11,良,80,165,56,96,16,87,0.8,45
11,2019-12-12,良,88,237,61,101,15,81,0.8,68
12,2019-12-13,良,94,229,68,118,14,79,0.82,69
13,2019-12-14,轻度污染,115,275,84,132,13,86,0.96,77
14,2019-12-15,良,78,219,56,90,10,60,0.65,51
15,2019-12-16,良,71,198,48,89,11,68,0.65,48
16,2019-12-17,良,78,238,53,85,11,73,0.73,48
17,2019-12-18,良,78,310,55,92,12,67,0.75,53
18,2019-12-19,良,85,312,62,67,8,38,0.98,23
19,2019-12-20,优,39,86,24,38,12,37,1.14,35
20,2019-12-21,良,51,134,35,54,14,49,0.98,25
21,2019-12-22,良,71,199,51,80,13,53,1.09,27
22,2019-12-23,良,80,222,58,84,12,55,0.9,45
23,2019-12-24,良,75,211,55,70,9,50,0.73,55
24,2019-12-25,良,90,259,67,86,14,59,0.85,57
25,2019-12-26,良,82,280,58,79,11,57,0.9,35
26,2019-12-27,优,37,46,20,34,12,37,1.62,51
27,2019-12-28,良,66,109,48,67,19,60,0.93,65
28,2019-12-29,轻度污染,105,260,78,116,21,83,1.13,45
29,2019-12-30,轻度污染,103,279,77,87,15,68,0.98,47
30,2019-12-31,良,69,267,50,62,12,45,0.87,44
0,2019-11-01,良,83,227,54,101,21,51,0.86,89
1,2019-11-02,良,82,231,52,89,12,43,0.79,102
2,2019-11-03,良,77,275,49,92,15,43,0.8,91
3,2019-11-04,良,62,181,38,72,12,28,0.73,134
4,2019-11-05,良,66,190,44,76,13,36,0.73,122
5,2019-11-06,良,71,219,47,77,16,56,0.78,91
6,2019-11-07,良,59,169,40,65,13,46,0.7,88
7,2019-11-08,良,51,112,33,53,12,33,0.68,108
8,2019-11-09,良,58,121,39,60,15,41,0.72,102
9,2019-11-10,良,84,250,58,90,18,64,0.89,77
10,2019-11-11,良,96,335,61,107,20,66,0.91,99
11,2019-11-12,良,63,163,40,69,11,40,0.66,94
12,2019-11-13,良,74,282,51,81,12,44,0.75,97
13,2019-11-14,良,63,244,45,65,11,29,0.73,101
14,2019-11-15,轻度污染,116,360,83,114,14,64,1.0,99
15,2019-11-16,良,79,224,51,93,9,49,0.73,97
16,2019-11-17,良,73,171,40,76,9,48,0.7,80
17,2019-11-18,良,73,219,50,85,11,52,0.94,61
18,2019-11-19,优,39,84,23,39,9,28,0.81,71
19,2019-11-20,良,53,107,32,56,14,38,0.79,72
20,2019-11-21,良,66,186,42,81,17,59,0.85,64
21,2019-11-22,良,78,253,53,94,16,74,0.88,67
22,2019-11-23,良,88,271,62,102,12,73,0.89,73
23,2019-11-24,良,97,299,67,91,12,61,0.89,74
24,2019-11-25,良,85,349,59,89,16,54,0.87,68
25,2019-11-26,良,70,300,50,72,14,32,0.94,75
26,2019-11-27,良,70,279,48,74,17,42,0.88,78
27,2019-11-28,优,38,143,16,37,10,27,0.77,41
28,2019-11-29,优,41,102,25,41,14,30,0.71,51
29,2019-11-30,良,51,139,34,54,14,41,0.78,45
0,2019-10-01,轻度污染,103,361,66,92,15,45,1.03,148
1,2019-10-02,良,94,365,62,79,11,23,0.95,156
2,2019-10-03,良,51,142,32,43,7,18,0.65,111
3,2019-10-04,优,42,165,24,36,7,21,0.6,87
4,2019-10-05,良,69,340,36,52,10,32,0.73,107
5,2019-10-06,优,47,292,27,48,8,27,0.64,75
6,2019-10-07,优,40,184,24,37,7,28,0.66,62
7,2019-10-08,良,70,335,49,67,9,35,0.86,79
8,2019-10-09,良,63,288,37,56,8,27,0.77,120
9,2019-10-10,良,67,304,36,55,8,29,0.75,125
10,2019-10-11,良,85,344,50,67,12,36,0.8,147
11,2019-10-12,良,97,360,62,87,13,49,0.91,136
12,2019-10-13,良,51,211,36,43,9,28,0.8,84
13,2019-10-14,良,66,345,47,61,13,28,1.0,70
14,2019-10-15,优,47,265,31,45,10,25,0.88,77
15,2019-10-16,优,48,210,31,44,12,25,0.7,87
16,2019-10-17,优,50,184,31,50,14,35,0.68,87
17,2019-10-18,良,54,198,35,56,13,38,0.74,101
18,2019-10-19,良,65,209,42,61,15,40,0.8,106
19,2019-10-20,良,88,284,58,77,14,40,0.83,109
20,2019-10-21,良,83,286,53,77,11,39,0.79,117
21,2019-10-22,良,82,262,44,72,10,40,0.73,131
22,2019-10-23,良,77,250,40,69,11,39,0.68,132
23,2019-10-24,良,62,217,44,65,15,30,0.66,106
24,2019-10-25,良,81,334,50,75,16,43,0.7,116
25,2019-10-26,良,78,350,56,80,12,36,0.74,98
26,2019-10-27,良,69,259,49,68,18,31,0.91,85
27,2019-10-28,良,58,165,40,61,12,41,0.97,38
28,2019-10-29,优,34,72,17,32,10,32,0.75,78
29,2019-10-30,良,53,91,29,60,12,41,0.7,74
30,2019-10-31,良,68,140,38,86,19,38,0.7,79
31,2019-10-31,良,68,140,38,86,19,38,0.7,79
0,2019-09-01,优,25,50,14,23,8,27,0.68,33
1,2019-09-02,优,19,36,9,18,7,24,0.6,21
2,2019-09-03,优,23,36,10,23,10,23,0.63,42
3,2019-09-04,优,24,35,15,21,8,27,0.63,38
4,2019-09-05,优,28,76,14,26,8,27,0.6,41
5,2019-09-06,优,36,130,15,33,7,29,0.63,65
6,2019-09-07,良,55,214,31,45,8,40,0.74,83
7,2019-09-08,良,64,221,35,46,6,29,0.76,128
8,2019-09-09,良,58,231,31,48,6,34,0.74,95
9,2019-09-10,良,52,236,22,40,6,38,0.68,84
10,2019-09-11,良,60,310,25,45,7,34,0.68,107
11,2019-09-12,良,59,314,32,43,6,36,0.74,116
12,2019-09-13,良,53,278,28,39,8,33,0.69,98
13,2019-09-14,优,35,173,21,31,8,31,0.7,80
14,2019-09-15,良,51,292,23,40,7,30,0.79,109
15,2019-09-16,良,57,315,31,39,7,34,0.83,106
16,2019-09-17,良,53,251,31,37,6,32,0.9,102
17,2019-09-18,良,63,326,42,55,8,37,0.9,89
18,2019-09-19,良,53,264,27,53,8,28,0.77,123
19,2019-09-20,优,50,214,20,47,9,35,0.7,114
20,2019-09-21,良,62,299,34,60,11,43,0.84,112
21,2019-09-22,优,46,169,21,43,8,28,0.65,120
22,2019-09-23,良,53,180,31,47,10,31,0.65,113
23,2019-09-24,良,68,267,36,62,13,45,0.77,97
24,2019-09-25,良,83,321,49,77,10,49,0.85,109
25,2019-09-26,良,97,362,61,90,13,48,0.86,122
26,2019-09-27,良,91,359,57,87,13,47,0.9,118
27,2019-09-28,轻度污染,102,333,64,98,16,55,0.95,117
28,2019-09-29,良,92,333,61,85,13,46,0.92,118
29,2019-09-30,良,81,286,54,79,13,43,0.93,125
0,2019-08-06,良,54,279,29,45,6,46,0.65,61
1,2019-08-07,轻度污染,104,365,30,57,7,41,0.68,121
2,2019-08-08,良,64,326,25,44,8,32,0.66,89
3,2019-08-09,良,70,346,34,53,8,35,0.78,94
4,2019-08-10,良,78,355,36,53,8,32,0.81,96
5,2019-08-11,良,68,343,27,40,4,22,0.73,99
6,2019-08-21,良,66,329,32,52,6,37,0.79,106
7,2019-08-22,良,80,356,42,61,7,42,0.79,130
8,2019-08-23,良,65,299,42,54,7,37,0.86,100
9,2019-08-24,良,65,274,44,66,9,37,0.95,81
10,2019-08-25,优,50,219,33,50,8,30,0.87,67
11,2019-08-26,优,29,66,15,22,4,25,0.68,53
12,2019-08-27,优,31,136,18,30,6,28,0.69,36
13,2019-08-28,优,44,250,23,43,6,30,0.76,50
0,2019-07-01,优,41,118,14,32,8,25,0.62,66
1,2019-07-02,优,38,79,9,28,8,22,0.55,58
2,2019-07-03,优,27,39,11,18,6,23,0.56,45
3,2019-07-04,优,28,44,11,26,6,22,0.57,37
4,2019-07-05,优,39,124,11,29,6,16,0.57,66
5,2019-07-06,优,39,118,13,27,6,15,0.56,69
6,2019-07-07,优,32,67,11,24,6,11,0.54,62
7,2019-07-12,优,34,126,18,34,7,23,0.74,42
8,2019-07-13,优,36,160,19,36,6,17,0.65,72
9,2019-07-14,优,35,127,18,34,6,16,0.66,63
10,2019-07-15,优,34,113,17,34,6,16,0.62,69
11,2019-07-16,良,59,292,22,42,7,25,0.62,111
12,2019-07-17,良,75,347,40,61,9,38,0.83,113
13,2019-07-18,良,63,332,40,72,10,49,0.88,73
14,2019-07-19,优,49,285,32,50,10,56,0.93,44
15,2019-07-20,优,42,223,23,39,7,43,0.84,51
16,2019-07-21,优,33,111,18,32,6,38,0.76,39
17,2019-07-22,优,33,128,18,31,5,40,0.76,38
18,2019-07-23,优,37,181,17,34,6,38,0.68,56
19,2019-07-24,优,37,182,18,36,6,35,0.68,38
20,2019-07-25,优,44,237,22,44,7,35,0.74,34
21,2019-07-26,优,34,135,13,29,6,22,0.59,72
0,2019-06-01,优,28,20,14,21,6,26,0.64,45
1,2019-06-02,优,26,16,10,20,7,27,0.68,35
2,2019-06-03,优,29,15,13,22,6,26,0.69,54
3,2019-06-04,优,46,77,21,39,8,42,0.93,41
4,2019-06-05,优,36,53,16,35,8,31,0.77,22
5,2019-06-06,优,28,22,9,24,6,19,0.58,39
6,2019-06-07,优,29,32,8,18,6,14,0.55,55
7,2019-06-08,优,26,29,9,18,6,13,0.6,48
8,2019-06-09,优,25,21,7,20,6,13,0.65,46
9,2019-06-10,优,27,30,11,19,6,21,0.72,43
10,2019-06-11,优,31,51,11,30,7,53,0.72,7
11,2019-06-14,优,31,108,8,27,8,29,0.82,92
12,2019-06-15,优,47,202,13,35,10,27,0.75,111
13,2019-06-17,优,38,150,21,37,8,22,0.66,96
14,2019-06-18,优,32,150,20,26,7,37,0.71,31
15,2019-06-19,优,33,139,15,32,8,26,0.69,42
16,2019-06-20,优,23,52,9,21,6,17,0.61,46
17,2019-06-25,良,58,223,17,33,8,37,0.98,75
18,2019-06-26,优,45,159,21,36,8,39,0.89,62
19,2019-06-27,优,38,88,18,30,6,21,0.73,63
20,2019-06-28,优,41,130,14,26,6,16,0.58,74
21,2019-06-29,优,40,136,12,25,6,13,0.54,74
22,2019-06-30,良,55,247,17,31,7,25,0.62,83
0,2019-05-01,优,26,3,9,22,9,19,0.83,44
1,2019-05-02,优,29,5,16,26,8,20,0.76,49
2,2019-05-03,优,39,17,24,39,9,25,0.73,64
3,2019-05-04,良,59,132,30,63,10,41,0.71,73
4,2019-05-05,优,29,25,19,21,8,32,0.72,42
5,2019-05-06,优,24,20,13,15,8,30,0.72,41
6,2019-05-07,优,26,22,13,21,9,30,0.66,46
7,2019-05-08,优,28,24,18,17,9,36,0.7,36
8,2019-05-09,优,31,23,17,25,9,31,0.71,45
9,2019-05-10,良,53,105,32,47,11,38,0.85,61
10,2019-05-11,良,89,271,40,66,11,54,0.9,103
11,2019-05-12,良,82,203,24,55,10,36,0.72,110
12,2019-05-13,良,56,117,27,50,10,36,0.68,68
13,2019-05-14,优,47,59,23,39,8,29,0.6,53
14,2019-05-15,优,30,15,14,28,7,20,0.54,38
15,2019-05-16,优,42,71,25,40,7,20,0.61,50
16,2019-05-17,优,40,63,20,39,8,26,0.64,40
17,2019-05-18,优,45,100,19,38,7,16,0.56,66
18,2019-05-19,优,40,50,17,36,6,13,0.56,69
19,2019-05-20,优,40,57,13,29,7,21,0.69,66
20,2019-05-21,优,48,78,27,47,8,26,0.81,76
21,2019-05-22,良,68,177,24,54,8,30,0.76,105
22,2019-05-23,良,51,62,32,45,7,40,0.8,48
23,2019-05-24,良,51,68,25,44,7,25,0.69,82
24,2019-05-25,优,40,55,18,36,6,25,0.6,63
25,2019-05-26,优,26,14,12,20,5,25,0.57,40
26,2019-05-27,优,26,10,8,20,6,30,0.57,42
27,2019-05-28,优,38,90,23,35,7,44,0.68,43
28,2019-05-29,优,34,53,15,27,7,33,0.7,40
29,2019-05-30,优,41,84,18,38,7,28,0.67,77
30,2019-05-31,优,45,123,23,45,8,32,0.7,45
0,2019-04-01,优,41,53,25,38,8,28,0.9,41
1,2019-04-02,良,56,183,34,52,11,40,0.85,54
2,2019-04-03,良,59,189,36,56,10,45,0.76,79
3,2019-04-04,良,57,158,37,60,9,42,0.79,57
4,2019-04-05,良,72,212,47,70,13,43,1.0,58
5,2019-04-06,良,71,210,45,70,11,48,1.0,67
6,2019-04-07,优,43,48,26,40,7,24,0.71,62
7,2019-04-08,优,30,16,17,27,6,20,0.64,38
8,2019-04-09,优,24,5,13,23,5,15,0.53,40
9,2019-04-10,优,39,62,23,35,6,24,0.59,54
10,2019-04-11,优,32,42,21,28,6,23,0.62,38
11,2019-04-12,优,24,14,15,19,8,33,0.83,23
12,2019-04-13,优,47,93,31,40,11,42,0.86,27
13,2019-04-14,良,51,139,33,48,14,44,0.9,24
14,2019-04-15,优,35,33,21,29,8,34,0.92,29
15,2019-04-16,优,41,54,24,28,7,41,0.9,56
16,2019-04-17,良,79,242,39,55,12,47,1.03,84
17,2019-04-18,优,46,54,28,39,8,43,0.82,61
18,2019-04-19,优,42,50,23,25,7,41,0.76,60
19,2019-04-20,优,38,32,24,31,10,43,0.8,35
20,2019-04-21,优,42,55,24,38,10,40,0.82,23
21,2019-04-22,优,34,34,18,31,8,33,0.71,36
22,2019-04-23,优,43,78,22,41,13,36,0.73,38
23,2019-04-24,优,32,13,17,31,7,23,0.53,46
24,2019-04-25,优,41,60,24,39,7,26,0.62,61
25,2019-04-26,优,46,101,28,43,8,35,0.72,42
26,2019-04-27,优,39,42,11,23,8,33,0.79,57
27,2019-04-28,优,44,103,23,41,8,36,0.77,60
28,2019-04-29,优,42,108,20,40,8,29,0.66,40
29,2019-04-30,优,41,93,21,38,8,37,0.68,50
0,2019-03-01,良,57,130,39,53,8,40,1.01,37
1,2019-03-02,优,44,98,27,42,7,43,0.72,36
2,2019-03-03,优,34,41,21,28,6,34,0.82,38
3,2019-03-04,优,43,50,24,37,8,31,0.91,65
4,2019-03-05,优,41,75,23,34,6,42,0.79,42
5,2019-03-06,优,27,24,17,21,8,33,0.67,29
6,2019-03-07,优,17,1,10,10,5,29,0.71,27
7,2019-03-08,优,28,29,18,20,8,36,0.79,16
8,2019-03-09,优,29,32,18,16,7,39,0.8,15
9,2019-03-10,优,27,16,18,23,8,34,0.96,14
10,2019-03-11,良,51,86,35,42,9,35,0.88,57
11,2019-03-12,良,95,339,65,84,14,61,1.11,73
12,2019-03-13,良,80,291,48,69,12,56,0.89,81
13,2019-03-14,良,62,206,44,44,7,48,0.78,39
14,2019-03-15,良,55,169,38,45,7,38,0.74,50
15,2019-03-16,良,68,235,44,65,11,57,0.82,55
16,2019-03-17,良,68,193,38,71,11,52,0.68,85
17,2019-03-18,良,67,194,47,66,9,49,0.78,67
18,2019-03-19,良,74,219,53,76,10,62,0.93,31
19,2019-03-20,优,50,68,30,48,7,36,0.71,36
20,2019-03-21,优,38,30,20,37,6,26,0.65,38
21,2019-03-22,优,32,27,18,31,5,23,0.64,31
22,2019-03-23,优,29,30,16,21,6,26,0.91,19
23,2019-03-24,优,25,14,13,20,8,27,0.86,19
24,2019-03-25,良,51,119,36,34,9,49,1.04,12
25,2019-03-26,良,61,162,41,66,10,58,1.15,40
26,2019-03-27,良,54,99,34,54,10,51,0.87,48
27,2019-03-28,优,50,105,32,50,8,41,0.83,33
28,2019-03-29,优,40,36,26,35,7,38,0.75,20
29,2019-03-30,优,50,77,27,49,11,35,0.85,62
30,2019-03-31,优,47,88,23,46,7,27,0.76,76
0,2019-02-01,优,34,16,21,27,5,16,1.16,61
1,2019-02-02,优,41,33,27,36,6,21,1.02,67
2,2019-02-03,优,46,55,31,42,5,20,0.79,68
3,2019-02-04,良,52,80,36,43,6,22,0.83,56
4,2019-02-05,良,53,47,36,39,5,11,0.83,74
5,2019-02-06,优,47,86,32,39,5,11,0.68,49
6,2019-02-07,优,29,16,17,24,5,11,0.49,50
7,2019-02-08,优,33,66,20,27,5,12,0.48,54
8,2019-02-09,优,34,69,20,30,5,12,0.36,57
9,2019-02-10,优,34,86,22,29,6,15,0.6,27
10,2019-02-11,优,17,12,9,14,5,13,0.61,15
11,2019-02-12,优,32,43,21,26,7,24,0.61,41
12,2019-02-13,良,56,189,39,32,7,40,0.68,39
13,2019-02-14,优,48,156,30,33,7,25,0.65,61
14,2019-02-15,优,36,91,23,29,6,27,0.62,54
15,2019-02-16,优,34,65,20,28,6,30,0.59,47
16,2019-02-17,优,41,105,28,38,7,23,0.79,38
17,2019-02-18,优,30,69,20,23,6,30,0.85,23
18,2019-02-19,优,35,58,24,30,8,35,0.84,38
19,2019-02-20,优,33,33,21,29,6,27,0.59,28
20,2019-02-21,优,34,63,22,30,6,29,0.63,27
21,2019-02-22,优,21,8,10,18,7,24,1.06,25
22,2019-02-23,优,22,13,14,17,6,23,1.06,21
23,2019-02-24,优,17,6,9,13,6,19,1.03,24
24,2019-02-25,优,30,21,19,28,7,25,1.01,17
25,2019-02-26,良,63,138,45,56,8,46,1.15,24
26,2019-02-27,良,71,200,51,53,7,45,0.92,42
27,2019-02-28,良,87,240,64,82,10,71,1.18,19
0,2019-01-01,优,34,40,23,25,6,23,0.89,22
1,2019-01-02,优,36,53,25,30,6,27,1.01,14
2,2019-01-03,优,44,78,30,36,7,36,1.08,9
3,2019-01-04,良,73,185,52,48,8,41,1.2,5
4,2019-01-05,良,63,179,44,55,8,32,1.37,3
5,2019-01-06,优,30,43,19,24,7,28,1.13,12
6,2019-01-07,良,73,170,52,65,12,49,1.16,9
7,2019-01-08,优,47,110,32,42,8,30,1.15,10
8,2019-01-09,良,53,154,37,50,10,42,1.2,30
9,2019-01-10,良,83,227,60,82,13,61,1.29,30
10,2019-01-11,轻度污染,136,267,103,132,16,86,1.55,41
11,2019-01-12,良,97,209,72,86,10,54,1.46,8
12,2019-01-13,良,85,153,62,76,11,54,1.28,26
13,2019-01-14,良,86,151,63,77,10,58,1.27,48
14,2019-01-15,良,93,230,69,81,10,67,1.4,14
15,2019-01-16,优,35,32,24,31,6,27,1.28,32
16,2019-01-17,优,45,66,30,42,7,31,1.38,58
17,2019-01-18,良,51,64,35,47,9,39,1.21,49
18,2019-01-19,良,74,152,53,81,13,61,1.21,41
19,2019-01-20,良,86,232,63,88,11,59,1.18,31
20,2019-01-21,优,41,40,28,36,7,22,0.96,53
21,2019-01-22,良,79,162,58,66,9,32,0.95,71
22,2019-01-23,良,77,142,56,76,12,49,0.94,64
23,2019-01-24,轻度污染,109,222,81,114,14,80,1.11,58
24,2019-01-25,轻度污染,105,238,78,101,13,71,0.98,76
25,2019-01-26,良,73,185,53,68,9,47,0.88,64
26,2019-01-27,良,86,213,63,77,8,43,0.88,75
27,2019-01-28,良,71,157,51,68,8,44,0.77,66
28,2019-01-29,良,83,186,58,74,7,58,0.9,58
29,2019-01-30,良,51,79,34,45,6,35,0.75,64
30,2019-01-31,优,41,75,28,37,6,26,0.76,56
0,2018-12-01,良,89,186,65,85,12,57,0.86,54
1,2018-12-02,良,79,177,55,72,11,48,0.69,53
2,2018-12-03,良,59,94,39,60,10,47,0.64,39
3,2018-12-04,良,62,203,41,68,11,49,0.75,45
4,2018-12-05,良,68,227,48,72,10,47,0.8,33
5,2018-12-06,良,65,273,45,64,9,42,0.85,51
6,2018-12-07,优,42,185,28,41,7,28,1.03,7
7,2018-12-08,优,21,51,12,19,5,21,0.79,9
8,2018-12-09,优,17,34,11,15,5,21,0.76,6
9,2018-12-10,优,26,59,15,25,5,28,0.7,7
10,2018-12-11,优,29,51,18,28,6,26,0.74,13
11,2018-12-12,优,21,13,14,18,5,21,0.77,17
12,2018-12-13,优,37,44,25,30,9,25,0.82,19
13,2018-12-14,优,37,39,24,32,8,27,0.87,28
14,2018-12-15,优,47,75,32,44,9,35,0.94,33
15,2018-12-16,优,49,86,33,41,8,31,0.96,16
16,2018-12-17,优,42,38,24,41,9,41,0.81,47
17,2018-12-18,良,61,102,42,66,15,62,0.86,44
18,2018-12-19,良,84,174,61,95,12,77,0.92,44
19,2018-12-20,良,70,131,49,72,8,55,0.75,36
20,2018-12-21,良,77,192,56,76,9,58,0.83,64
21,2018-12-28,优,32,50,20,28,8,25,0.94,30
22,2018-12-29,优,27,31,17,24,7,23,0.82,20
23,2018-12-30,优,49,119,33,42,9,23,0.87,23
24,2018-12-31,优,42,76,29,33,6,25,0.81,16
0,2018-11-01,优,50,80,26,45,10,24,0.63,96
1,2018-11-02,良,56,119,39,46,8,28,0.79,68
2,2018-11-03,优,29,17,17,26,7,25,0.75,34
3,2018-11-04,良,51,148,34,47,9,34,0.77,26
4,2018-11-05,良,69,304,47,71,10,43,0.86,52
5,2018-11-06,良,61,314,39,56,9,42,0.71,65
6,2018-11-07,良,78,341,55,79,12,54,0.91,51
7,2018-11-08,良,65,286,46,61,10,39,1.1,31
8,2018-11-09,优,50,155,31,53,14,44,0.97,52
9,2018-11-10,良,99,337,74,98,18,67,1.2,33
10,2018-11-11,良,89,319,64,83,11,52,0.99,55
11,2018-11-12,良,73,237,51,68,9,48,0.79,59
12,2018-11-13,优,44,105,28,42,10,32,0.7,60
13,2018-11-14,良,56,146,34,52,8,33,0.61,79
14,2018-11-15,优,48,146,30,47,7,29,0.62,64
15,2018-11-16,优,48,253,28,47,8,37,0.65,39
16,2018-11-17,优,37,127,21,38,8,30,0.85,5
17,2018-11-18,良,68,270,48,72,11,42,1.1,16
18,2018-11-19,优,27,45,17,25,8,26,0.9,32
19,2018-11-20,良,54,161,37,54,11,42,0.93,37
20,2018-11-21,良,59,217,42,55,11,44,1.01,32
21,2018-11-22,优,32,38,18,28,7,23,0.86,52
22,2018-11-23,良,52,99,36,50,10,37,0.91,59
23,2018-11-24,良,73,158,52,70,13,54,0.97,43
24,2018-11-25,良,75,149,55,58,10,52,0.87,27
25,2018-11-26,良,60,74,42,38,8,38,0.84,41
26,2018-11-27,良,74,128,53,68,11,51,0.83,29
27,2018-11-28,良,78,157,56,63,11,50,0.84,15
28,2018-11-29,良,73,142,52,71,13,54,0.78,41
29,2018-11-30,良,93,194,68,86,13,56,0.88,63
0,2018-10-01,良,64,303,38,55,9,36,0.71,86
1,2018-10-02,良,69,297,36,60,10,31,0.73,100
2,2018-10-03,良,72,267,41,67,12,37,0.77,92
3,2018-10-04,良,67,205,36,57,12,38,0.75,97
4,2018-10-05,良,71,228,34,52,12,33,0.74,117
5,2018-10-06,良,67,203,34,55,12,38,0.72,109
6,2018-10-07,良,87,280,58,78,14,54,0.78,82
7,2018-10-08,良,94,306,60,79,8,35,0.74,109
8,2018-10-09,良,87,322,55,74,8,31,0.67,113
9,2018-10-10,良,71,340,51,56,8,32,0.79,59
10,2018-10-11,优,37,80,20,27,6,22,0.89,66
11,2018-10-12,优,50,119,34,45,9,29,0.87,59
12,2018-10-13,良,54,135,37,49,11,38,0.87,59
13,2018-10-14,良,56,191,36,58,8,38,0.68,58
14,2018-10-15,良,54,212,36,51,6,49,0.72,37
15,2018-10-16,优,27,40,17,19,6,31,0.99,11
16,2018-10-17,优,27,28,18,22,6,31,0.89,18
17,2018-10-18,优,36,63,25,30,7,28,0.76,26
18,2018-10-19,良,54,204,37,51,9,35,0.79,47
19,2018-10-20,良,69,274,49,65,8,41,0.8,47
20,2018-10-21,良,56,192,34,48,6,28,0.64,81
21,2018-10-22,良,60,205,42,58,8,47,0.74,49
22,2018-10-23,优,41,93,27,37,8,29,0.89,36
23,2018-10-24,良,51,139,34,51,13,36,0.92,55
24,2018-10-25,良,76,257,51,67,8,42,0.89,74
25,2018-10-26,良,82,324,60,70,11,50,0.96,44
26,2018-10-27,优,49,127,23,48,9,35,0.78,70
27,2018-10-28,良,55,151,30,55,12,43,0.63,67
28,2018-10-29,良,57,188,32,59,13,54,0.66,54
29,2018-10-30,良,51,124,28,50,11,51,0.63,56
30,2018-10-31,优,50,96,23,43,10,29,0.57,93
0,2018-09-02,优,27,46,15,24,5,27,0.53,35
1,2018-09-03,优,37,102,18,33,5,32,0.55,46
2,2018-09-04,良,54,235,23,40,7,31,0.52,68
3,2018-09-05,良,63,254,31,45,7,35,0.6,76
4,2018-09-06,良,67,280,31,42,7,28,0.57,85
5,2018-09-07,良,70,350,36,49,8,46,0.66,72
6,2018-09-08,优,36,82,18,33,5,21,0.62,64
7,2018-09-09,良,51,200,31,45,6,19,0.55,78
8,2018-09-10,优,45,123,29,43,7,27,0.7,56
9,2018-09-11,良,56,211,35,50,8,35,0.69,68
10,2018-09-12,优,48,157,31,43,8,28,0.58,65
11,2018-09-13,优,37,91,22,30,6,23,0.56,46
12,2018-09-14,优,45,142,27,42,7,31,0.61,48
13,2018-09-15,优,41,136,26,38,7,29,0.52,50
14,2018-09-16,优,27,48,7,19,4,8,0.38,40
15,2018-09-17,优,28,67,10,19,5,13,0.47,41
16,2018-09-18,优,28,96,14,23,6,25,0.47,37
17,2018-09-19,良,73,333,33,55,12,45,0.7,84
18,2018-09-20,良,91,354,43,60,10,42,0.66,103
19,2018-09-21,良,60,275,23,38,8,33,0.53,82
20,2018-09-22,良,64,294,32,47,11,49,0.59,71
21,2018-09-23,优,47,162,30,41,8,42,0.64,48
22,2018-09-24,优,46,173,27,40,9,26,0.64,46
23,2018-09-25,优,44,165,25,40,7,36,0.73,72
24,2018-09-26,良,67,337,30,50,10,36,0.74,82
25,2018-09-27,良,54,248,33,50,7,25,0.7,73
26,2018-09-28,优,48,173,33,45,8,26,0.65,56
27,2018-09-29,优,49,169,30,44,8,26,0.63,74
28,2018-09-30,良,59,215,34,51,8,35,0.63,89
0,2018-08-01,优,41,103,17,32,6,23,0.71,59
1,2018-08-02,优,45,156,21,35,6,32,0.79,64
2,2018-08-03,优,41,146,23,38,5,45,0.76,37
3,2018-08-04,良,61,270,33,48,6,39,0.69,76
4,2018-08-05,良,52,175,29,47,5,31,0.57,77
5,2018-08-06,良,62,243,32,52,8,36,0.68,94
6,2018-08-07,良,74,303,38,62,10,46,0.77,88
7,2018-08-08,良,56,220,25,44,8,29,0.67,82
8,2018-08-09,优,47,98,23,37,5,19,0.53,76
9,2018-08-10,优,29,21,16,23,4,26,0.64,38
10,2018-08-11,优,27,21,15,23,5,27,0.71,35
11,2018-08-12,优,37,62,17,34,5,26,0.6,46
12,2018-08-13,良,51,205,22,41,7,24,0.58,76
13,2018-08-14,优,36,126,18,31,5,23,0.65,60
14,2018-08-15,优,38,127,19,30,4,27,0.76,69
15,2018-08-16,优,34,59,16,30,6,30,0.8,48
16,2018-08-17,优,49,230,26,41,6,40,0.84,62
17,2018-08-18,优,50,241,29,42,6,44,0.87,54
18,2018-08-19,良,73,347,32,45,6,39,0.83,89
19,2018-08-20,良,65,308,39,56,7,49,0.96,76
20,2018-08-21,良,68,283,34,55,6,31,0.84,109
21,2018-08-22,良,63,267,26,40,6,41,0.87,81
22,2018-08-23,良,97,363,48,73,10,54,1.08,130
23,2018-08-25,良,73,246,36,53,9,30,0.87,114
24,2018-08-27,良,56,194,39,41,6,38,1.14,69
25,2018-08-29,优,31,54,14,21,4,37,0.77,47
26,2018-08-31,优,38,141,24,30,6,48,0.78,16
0,2018-07-01,优,38,93,17,32,5,21,0.6,57
1,2018-07-02,优,38,110,18,35,6,38,0.76,36
2,2018-07-03,优,41,137,22,39,6,30,0.7,39
3,2018-07-04,优,39,111,17,34,4,16,0.48,64
4,2018-07-05,优,34,72,15,31,4,23,0.55,43
5,2018-07-06,优,33,86,15,29,4,20,0.53,48
6,2018-07-07,优,28,45,14,26,4,29,0.57,28
7,2018-07-08,优,37,147,20,34,7,31,0.66,32
8,2018-07-09,优,32,115,13,28,7,21,0.56,35
9,2018-07-10,优,40,164,17,36,9,27,0.56,51
10,2018-07-11,良,96,364,38,57,9,35,0.66,115
11,2018-07-12,优,44,193,18,33,7,27,0.45,59
12,2018-07-13,优,26,44,15,23,5,21,0.5,35
13,2018-07-14,优,22,21,12,20,5,18,0.49,31
14,2018-07-15,优,24,28,11,22,6,16,0.47,33
15,2018-07-16,优,41,148,18,37,8,24,0.51,53
16,2018-07-17,良,55,233,29,49,10,33,0.61,64
17,2018-07-18,优,34,74,17,32,5,16,0.43,44
18,2018-07-19,优,37,98,19,36,7,21,0.49,45
19,2018-07-20,优,34,69,16,28,7,24,0.54,52
20,2018-07-21,良,60,200,27,43,10,30,0.56,77
21,2018-07-22,优,46,121,22,37,13,32,0.6,53
22,2018-07-23,优,40,94,19,39,8,31,0.64,32
23,2018-07-24,优,34,66,20,32,5,26,0.65,35
24,2018-07-25,优,42,118,24,41,5,40,0.77,33
25,2018-07-26,优,47,157,27,45,8,42,0.79,30
26,2018-07-27,良,54,240,28,52,8,39,0.8,46
27,2018-07-28,良,60,241,23,37,7,28,0.61,66
28,2018-07-29,优,49,134,21,36,6,26,0.57,57
29,2018-07-30,优,33,54,17,28,5,25,0.59,41
30,2018-07-31,优,33,56,16,29,5,26,0.64,41
0,2018-06-01,良,51,97,27,42,7,31,0.62,66
1,2018-06-02,良,67,151,27,42,5,24,0.71,118
2,2018-06-03,良,67,153,32,45,6,21,0.76,109
3,2018-06-04,优,50,76,25,39,7,20,0.69,78
4,2018-06-05,优,36,39,21,30,6,27,0.7,43
5,2018-06-06,优,20,7,13,18,6,26,0.69,17
6,2018-06-07,优,15,1,9,12,6,21,0.64,21
7,2018-06-08,优,21,10,12,18,5,28,0.71,28
8,2018-06-09,优,33,37,19,31,9,37,0.78,24
9,2018-06-10,优,40,54,22,39,11,30,0.74,54
10,2018-06-11,良,71,212,39,63,13,43,0.82,86
11,2018-06-12,良,69,190,49,57,11,41,0.85,80
12,2018-06-13,优,38,56,25,26,7,33,0.79,56
13,2018-06-14,优,31,21,16,27,8,25,0.74,49
14,2018-06-15,优,36,31,20,33,8,27,0.7,65
15,2018-06-16,良,56,140,24,35,8,28,0.62,105
16,2018-06-17,良,70,230,30,53,9,26,0.58,110
17,2018-06-18,良,75,257,37,47,9,22,0.64,103
18,2018-06-19,优,32,24,18,28,6,19,0.5,49
19,2018-06-20,优,44,133,20,39,6,18,0.51,64
20,2018-06-21,优,43,123,23,39,6,25,0.56,55
21,2018-06-22,优,38,79,21,35,6,38,0.63,20
22,2018-06-23,优,33,69,17,29,5,42,0.7,15
23,2018-06-24,优,37,99,17,34,6,29,0.61,38
24,2018-06-25,优,26,35,14,22,4,23,0.57,33
25,2018-06-26,优,35,105,20,32,6,35,0.65,34
26,2018-06-27,良,53,231,23,39,7,31,0.63,56
27,2018-06-28,优,47,186,21,38,8,25,0.6,65
28,2018-06-29,良,55,181,24,39,8,30,0.64,73
29,2018-06-30,优,42,120,20,38,6,25,0.62,58
0,2018-05-01,优,38,34,23,37,8,30,0.6,29
1,2018-05-02,优,50,80,28,44,8,30,0.6,61
2,2018-05-03,良,53,80,31,49,9,32,0.75,72
3,2018-05-04,优,49,59,25,38,6,30,0.87,89
4,2018-05-05,良,55,128,27,49,7,30,0.7,81
5,2018-05-06,优,38,49,22,36,5,25,0.8,39
6,2018-05-07,优,33,27,15,26,5,19,0.64,54
7,2018-05-08,优,35,23,19,32,8,35,0.65,48
8,2018-05-09,优,43,53,28,41,8,37,0.88,39
9,2018-05-10,优,49,69,25,46,7,32,0.69,82
10,2018-05-11,良,61,158,33,60,7,33,0.62,83
11,2018-05-12,优,49,69,28,49,7,32,0.61,48
12,2018-05-13,优,46,42,27,40,6,26,0.57,60
13,2018-05-14,优,46,46,23,37,6,22,0.56,59
14,2018-05-15,优,31,13,14,26,5,18,0.47,53
15,2018-05-16,优,31,14,16,28,5,26,0.5,38
16,2018-05-17,优,31,12,17,29,5,21,0.49,40
17,2018-05-18,优,49,63,23,38,5,20,0.53,75
18,2018-05-19,良,56,172,25,38,6,23,0.56,77
19,2018-05-20,优,45,103,22,36,7,23,0.54,62
20,2018-05-21,优,41,70,18,31,6,23,0.49,59
21,2018-05-22,良,57,220,22,35,6,24,0.48,79
22,2018-05-23,良,68,165,28,45,9,28,0.54,98
23,2018-05-24,良,51,78,25,34,6,24,0.43,78
24,2018-05-25,优,35,23,16,29,5,24,0.41,50
25,2018-05-26,优,34,20,17,28,5,14,0.48,50
26,2018-05-27,优,40,44,20,32,6,22,0.59,58
27,2018-05-28,良,76,162,24,46,8,37,0.7,98
28,2018-05-29,良,85,231,32,53,11,43,0.73,99
29,2018-05-30,良,56,128,27,40,8,27,0.6,68
30,2018-05-31,良,55,120,21,36,8,24,0.59,75
0,2018-04-01,良,95,214,43,64,11,41,0.81,121
1,2018-04-02,良,79,147,44,65,12,39,0.8,113
2,2018-04-03,良,66,106,40,62,10,38,0.79,80
3,2018-04-04,良,55,103,34,55,11,48,0.79,56
4,2018-04-05,优,48,71,28,47,9,36,0.74,47
5,2018-04-05,优,48,71,28,47,9,36,0.74,47
6,2018-04-06,优,45,34,26,46,14,36,0.86,34
7,2018-04-07,良,77,224,29,103,10,27,0.66,76
8,2018-04-08,良,97,330,44,105,16,50,0.77,104
9,2018-04-09,良,95,276,57,104,17,58,0.94,83
10,2018-04-10,良,70,86,41,62,10,39,0.81,75
11,2018-04-11,良,54,48,34,55,13,46,0.83,43
12,2018-04-12,优,42,20,25,42,9,37,0.73,23
13,2018-04-13,优,35,31,22,33,8,30,0.72,18
14,2018-04-14,优,32,25,20,26,6,28,0.74,25
15,2018-04-15,优,23,2,14,19,7,23,0.96,33
16,2018-04-16,优,49,29,31,49,7,29,0.86,43
17,2018-04-17,良,73,118,45,86,11,41,0.9,78
18,2018-04-18,轻度污染,124,322,91,94,12,61,1.06,91
19,2018-04-19,轻度污染,112,302,74,91,14,55,0.92,112
20,2018-04-20,良,61,86,40,65,10,45,0.71,83
21,2018-04-21,良,54,100,34,55,8,39,0.66,55
22,2018-04-22,良,59,244,40,60,9,43,0.73,40
23,2018-04-23,优,36,41,24,33,6,30,0.6,29
24,2018-04-24,优,41,82,28,33,9,36,0.85,19
25,2018-04-25,良,51,91,35,50,14,39,0.92,51
26,2018-04-26,良,98,305,72,77,17,69,1.19,16
27,2018-04-27,良,85,232,62,74,17,51,1.15,31
28,2018-04-28,良,82,189,59,73,10,49,1.06,71
29,2018-04-29,良,65,103,40,56,8,33,0.78,79
30,2018-04-30,优,48,61,31,46,8,33,0.71,39
0,2018-03-01,良,100,310,69,49,13,55,0.94,68
1,2018-03-02,良,64,164,44,28,10,34,0.79,65
2,2018-03-03,良,51,78,35,43,9,43,0.8,33
3,2018-03-04,优,38,20,26,31,6,29,0.69,18
4,2018-03-05,优,33,30,22,28,6,26,0.65,24
5,2018-03-06,优,48,153,31,42,9,35,0.92,40
6,2018-03-07,良,59,222,30,50,10,39,0.85,90
7,2018-03-08,优,17,2,9,8,5,23,0.88,33
8,2018-03-09,优,41,14,18,33,8,32,0.72,74
9,2018-03-10,良,76,174,45,65,15,63,0.89,79
10,2018-03-11,良,91,240,50,67,12,52,0.87,109
11,2018-03-12,良,74,155,42,63,14,70,0.94,63
12,2018-03-13,良,61,91,37,55,12,61,0.93,55
13,2018-03-14,良,52,65,36,50,10,55,0.95,42
14,2018-03-15,良,75,215,54,56,10,73,1.11,25
15,2018-03-16,轻度污染,121,334,89,89,14,69,1.22,74
16,2018-03-17,良,58,172,40,39,7,33,0.88,77
17,2018-03-18,优,50,116,32,45,9,39,0.89,69
18,2018-03-19,良,53,150,36,47,8,46,0.89,35
19,2018-03-20,优,28,17,13,16,7,25,1.1,48
20,2018-03-21,优,38,10,14,25,8,28,0.97,77
21,2018-03-22,良,53,41,32,53,14,48,0.82,77
22,2018-03-23,轻度污染,105,267,58,100,16,76,0.95,90
23,2018-03-24,良,72,130,47,79,11,48,0.88,89
24,2018-03-25,良,66,102,42,78,13,53,0.89,75
25,2018-03-26,良,85,192,60,85,15,60,1.05,73
26,2018-03-27,良,80,190,48,58,15,47,1.04,90
27,2018-03-28,轻度污染,133,323,82,65,11,45,1.01,117
28,2018-03-29,良,85,227,52,61,11,47,0.9,86
29,2018-03-30,良,90,264,58,74,15,53,0.93,101
30,2018-03-31,良,77,171,38,63,16,46,0.81,98
0,2018-02-01,良,63,59,45,54,11,35,0.89,70
1,2018-02-02,良,62,103,44,51,9,28,0.86,64
2,2018-02-03,良,60,144,42,52,11,28,0.74,87
3,2018-02-04,良,61,117,43,58,10,25,0.76,84
4,2018-02-05,优,50,53,34,47,9,32,0.74,66
5,2018-02-06,良,53,67,36,49,11,45,0.8,68
6,2018-02-07,良,67,97,47,62,14,59,0.91,42
7,2018-02-08,良,70,91,50,61,11,48,0.91,71
8,2018-02-09,良,71,69,51,60,7,51,0.92,47
9,2018-02-10,良,88,181,65,55,6,33,1.06,57
10,2018-02-11,良,74,145,54,59,7,23,1.0,91
11,2018-02-12,良,68,151,47,62,7,23,0.98,92
12,2018-02-13,良,66,123,41,72,10,31,0.94,92
13,2018-02-14,良,61,94,38,62,8,29,0.98,83
14,2018-02-15,良,62,103,41,61,7,27,0.93,68
15,2018-02-16,轻度污染,140,227,105,118,13,35,0.99,76
16,2018-02-17,良,94,208,68,70,7,20,0.98,58
17,2018-02-18,良,61,172,43,50,7,19,0.92,77
18,2018-02-19,良,72,250,50,31,9,31,0.93,58
19,2018-02-20,良,68,209,49,31,11,35,0.94,36
20,2018-02-21,优,44,92,30,20,6,17,0.98,40
21,2018-02-22,优,20,14,12,11,5,16,1.05,28
22,2018-02-23,优,24,14,15,17,8,19,1.01,33
23,2018-02-24,优,47,91,33,31,8,31,1.01,35
24,2018-02-25,优,44,57,31,26,6,27,1.01,18
25,2018-02-26,优,37,32,25,30,8,27,0.8,59
26,2018-02-27,良,51,76,30,37,8,34,0.77,74
27,2018-02-28,良,64,181,46,53,12,56,0.91,49
0,2018-01-01,轻度污染,116,202,87,105,14,50,1.38,66
1,2018-01-02,轻度污染,120,263,90,111,13,67,1.28,58
2,2018-01-03,轻度污染,116,331,82,114,15,82,1.18,66
3,2018-01-04,良,63,233,44,67,12,58,0.76,51
4,2018-01-05,良,54,144,38,52,14,45,0.97,17
5,2018-01-06,优,41,103,28,27,11,37,1.05,6
6,2018-01-07,优,32,60,22,21,6,39,0.97,9
7,2018-01-08,优,33,51,23,17,7,33,1.23,9
8,2018-01-09,良,54,149,37,43,8,30,1.05,45
9,2018-01-10,优,43,75,28,39,11,42,0.73,47
10,2018-01-11,优,39,36,23,35,14,39,0.59,60
11,2018-01-12,优,37,5,20,33,12,37,0.53,62
12,2018-01-13,良,56,49,37,56,16,57,0.69,56
13,2018-01-14,良,74,102,53,75,17,62,0.9,65
14,2018-01-15,轻度污染,101,170,74,101,21,91,1.21,56
15,2018-01-16,良,98,158,72,93,19,96,1.17,52
16,2018-01-17,轻度污染,145,248,107,127,25,119,1.47,62
17,2018-01-18,轻度污染,144,247,106,127,21,109,1.43,77
18,2018-01-19,中度污染,165,255,125,148,21,116,1.42,30
19,2018-01-20,中度污染,166,254,125,94,23,84,1.36,36
20,2018-01-21,轻度污染,148,262,112,60,14,79,1.25,53
21,2018-01-22,中度污染,183,334,140,77,19,73,1.54,48
22,2018-01-23,轻度污染,108,273,81,91,16,59,1.66,30
23,2018-01-24,良,98,310,72,85,12,50,1.28,71
24,2018-01-25,良,67,260,47,61,9,45,0.93,81
25,2018-01-26,良,59,218,41,54,15,57,1.07,15
26,2018-01-27,良,54,165,37,49,14,44,0.97,30
27,2018-01-28,良,52,121,37,48,11,39,1.04,10
28,2018-01-29,优,22,13,14,17,5,25,0.83,31
29,2018-01-30,优,39,20,27,26,6,31,0.89,21
30,2018-01-31,优,25,12,17,20,6,27,0.95,31
0,2017-12-01,优,31,25,18,25,7,23,1.04,47
1,2017-12-02,优,32,16,18,30,10,31,0.96,39
2,2017-12-03,优,45,56,30,45,14,36,0.98,44
3,2017-12-04,优,46,72,32,43,10,32,0.93,34
4,2017-12-05,良,55,92,38,48,10,28,0.97,51
5,2017-12-06,良,72,102,52,73,15,52,1.12,53
6,2017-12-07,轻度污染,102,204,75,100,16,71,1.33,35
7,2017-12-08,良,63,132,44,60,12,31,0.93,85
8,2017-12-09,良,95,261,70,85,21,52,1.08,92
9,2017-12-10,轻度污染,116,328,87,120,33,82,1.36,57
10,2017-12-11,良,74,158,54,77,24,55,1.14,80
11,2017-12-12,良,81,214,59,91,29,61,1.19,68
12,2017-12-13,轻度污染,109,310,81,114,26,70,1.36,34
13,2017-12-14,良,91,240,67,72,15,48,1.18,21
14,2017-12-15,良,55,155,38,50,16,40,1.23,16
15,2017-12-16,优,23,12,13,19,7,25,0.99,22
16,2017-12-17,优,44,40,30,37,7,19,0.9,46
17,2017-12-18,良,68,160,49,58,11,31,0.9,64
18,2017-12-19,优,47,44,32,40,11,28,0.77,79
19,2017-12-20,优,49,34,32,46,15,43,0.85,62
20,2017-12-21,良,54,36,38,57,17,65,0.89,51
21,2017-12-22,良,89,125,66,99,24,88,1.21,51
22,2017-12-23,轻度污染,119,191,89,123,27,96,1.37,40
23,2017-12-24,良,85,140,62,84,22,61,1.18,55
24,2017-12-25,良,86,192,63,84,21,60,1.18,92
25,2017-12-26,轻度污染,109,221,82,116,31,93,1.35,58
26,2017-12-27,轻度污染,121,226,91,115,21,81,1.3,72
27,2017-12-28,轻度污染,130,217,98,111,21,88,1.25,29
28,2017-12-29,轻度污染,102,153,76,67,18,58,0.98,60
29,2017-12-30,良,83,124,60,62,11,44,0.96,50
30,2017-12-31,良,62,72,44,60,11,29,1.06,83
0,2017-11-01,良,99,247,70,95,15,63,1.08,81
1,2017-11-02,轻度污染,103,234,72,96,15,73,1.12,69
2,2017-11-03,良,74,141,51,75,16,60,0.93,71
3,2017-11-04,良,72,180,51,72,14,34,0.89,112
4,2017-11-05,轻度污染,102,275,74,95,14,29,1.07,120
5,2017-11-06,良,78,142,57,74,17,38,0.95,78
6,2017-11-07,良,55,49,38,39,8,35,0.93,27
7,2017-11-08,优,32,17,22,26,7,32,0.83,25
8,2017-11-09,良,65,133,46,57,11,38,0.93,52
9,2017-11-10,良,93,290,68,86,12,55,1.11,58
10,2017-11-11,良,92,339,68,86,12,50,1.12,44
11,2017-11-12,良,82,275,60,70,12,34,1.05,53
12,2017-11-13,良,60,142,42,44,7,39,1.06,22
13,2017-11-14,优,50,131,35,39,8,39,1.09,18
14,2017-11-15,良,67,200,48,53,10,40,1.19,8
15,2017-11-16,良,62,168,42,55,10,48,1.09,51
16,2017-11-17,良,66,204,46,61,9,62,0.99,36
17,2017-11-18,优,42,134,29,38,8,42,1.04,24
18,2017-11-19,优,22,14,13,20,8,29,1.13,17
19,2017-11-20,优,18,11,10,16,6,29,0.87,12
20,2017-11-21,优,31,38,19,28,9,36,0.95,21
21,2017-11-22,优,28,22,17,24,7,28,0.94,28
22,2017-11-23,优,49,115,33,47,9,28,0.85,61
23,2017-11-24,优,45,75,31,39,8,30,0.91,55
24,2017-11-25,优,46,58,31,39,9,31,1.0,37
25,2017-11-26,优,43,57,29,37,9,30,1.08,23
26,2017-11-27,优,46,51,31,43,15,34,1.07,26
27,2017-11-28,良,62,71,44,58,16,51,1.17,23
28,2017-11-29,良,77,206,55,75,14,52,1.25,46
29,2017-11-30,良,73,277,53,63,14,42,1.18,19
0,2017-10-01,优,38,81,21,31,8,27,0.85,52
1,2017-10-02,优,40,132,23,35,9,25,0.86,42
2,2017-10-03,优,36,138,17,30,10,24,0.77,50
3,2017-10-05,优,46,224,25,37,10,19,0.85,69
4,2017-10-06,良,52,203,30,43,11,22,0.87,76
5,2017-10-07,良,61,212,37,51,12,23,0.86,84
6,2017-10-08,良,59,206,39,52,12,27,0.85,72
7,2017-10-09,优,48,207,28,45,10,27,0.78,69
8,2017-10-10,优,44,210,23,38,10,30,0.74,63
9,2017-10-11,良,59,316,33,55,12,39,0.79,68
10,2017-10-12,良,55,285,34,46,10,30,0.92,68
11,2017-10-13,优,41,141,20,30,7,18,0.92,81
12,2017-10-14,优,34,83,21,31,8,19,0.84,56
13,2017-10-15,优,27,41,11,15,6,17,0.84,48
14,2017-10-16,优,22,11,13,18,6,25,0.92,26
15,2017-10-17,优,26,48,16,22,8,26,0.94,36
16,2017-10-18,优,35,85,21,28,10,25,0.9,51
17,2017-10-19,优,24,2,14,19,6,18,0.79,45
18,2017-10-20,优,29,16,16,21,6,17,0.77,56
19,2017-10-21,优,37,51,23,30,7,17,0.76,69
20,2017-10-22,良,56,122,36,45,10,27,0.79,92
21,2017-10-23,良,88,295,59,70,16,40,1.02,115
22,2017-10-24,轻度污染,104,327,73,89,22,54,1.14,91
23,2017-10-25,轻度污染,122,326,87,105,19,54,1.19,109
24,2017-10-26,轻度污染,106,274,73,97,17,58,1.15,84
25,2017-10-27,良,98,230,66,87,16,58,1.12,78
26,2017-10-28,良,76,163,53,68,12,39,0.97,93
27,2017-10-29,良,73,191,46,59,12,27,0.88,124
28,2017-10-30,良,70,204,47,61,13,30,0.86,115
29,2017-10-31,良,79,207,55,76,15,39,0.94,105
0,2017-09-01,优,48,142,30,42,12,35,0.9,58
1,2017-09-02,良,52,150,33,45,10,44,0.89,68
2,2017-09-03,良,52,195,32,44,11,35,0.94,56
3,2017-09-04,优,39,122,26,30,11,50,0.95,26
4,2017-09-05,优,36,92,22,33,9,48,0.88,23
5,2017-09-06,良,63,294,30,41,11,43,0.93,63
6,2017-09-07,优,38,68,22,35,11,51,0.9,18
7,2017-09-08,良,56,204,36,55,17,55,1.03,3
8,2017-09-09,优,36,66,13,22,7,28,0.68,35
9,2017-09-10,优,36,69,18,33,9,34,0.8,29
10,2017-09-11,良,72,305,31,45,12,35,0.78,89
11,2017-09-12,良,64,219,36,51,13,36,0.85,62
12,2017-09-13,优,47,90,30,43,11,29,0.84,58
13,2017-09-14,优,50,104,30,40,10,26,0.92,68
14,2017-09-15,良,72,245,35,55,16,33,0.93,97
15,2017-09-16,良,84,299,47,69,19,48,1.03,98
16,2017-09-17,良,96,310,58,79,21,45,1.07,108
17,2017-09-18,轻度污染,115,344,65,87,19,40,1.04,124
18,2017-09-19,良,94,288,45,59,9,31,0.84,130
19,2017-09-20,良,90,328,52,69,11,41,0.9,123
20,2017-09-21,良,73,261,46,63,10,45,0.92,69
21,2017-09-22,良,53,132,33,46,13,38,0.87,49
22,2017-09-23,优,44,92,27,38,9,33,0.78,49
23,2017-09-24,优,37,88,19,31,9,22,0.71,37
24,2017-09-25,优,27,37,12,25,7,27,0.68,30
25,2017-09-26,良,63,272,22,39,10,34,0.77,69
26,2017-09-27,轻度污染,108,359,45,63,14,42,0.98,133
27,2017-09-28,轻度污染,115,361,46,60,14,42,0.89,143
28,2017-09-29,优,41,85,22,35,9,38,0.72,46
29,2017-09-30,良,58,210,30,46,8,29,0.81,83
0,2017-08-01,良,76,302,36,49,9,29,0.88,96
1,2017-08-02,优,37,89,21,32,6,38,0.84,56
2,2017-08-03,优,39,101,21,35,6,46,0.95,36
3,2017-08-04,优,46,123,25,45,12,52,0.93,36
4,2017-08-05,良,52,156,23,40,11,34,0.86,54
5,2017-08-06,良,54,174,24,38,11,31,0.82,69
6,2017-08-07,良,52,164,21,33,10,28,0.86,68
7,2017-08-08,优,33,67,14,25,6,24,0.77,57
8,2017-08-09,优,28,23,13,23,6,26,0.85,47
9,2017-08-10,优,31,34,17,28,6,28,0.85,41
10,2017-08-11,优,31,37,15,28,6,22,0.7,45
11,2017-08-12,优,35,75,15,28,7,21,0.67,58
12,2017-08-13,优,29,37,12,25,7,22,0.6,42
13,2017-08-14,优,32,66,13,27,7,23,0.65,48
14,2017-08-15,优,29,67,11,24,8,23,0.65,44
15,2017-08-16,优,42,135,16,27,11,29,0.74,49
16,2017-08-17,优,50,190,22,34,11,31,0.81,68
17,2017-08-18,良,65,278,27,38,13,38,0.76,76
18,2017-08-19,良,70,319,28,42,14,40,0.72,91
19,2017-08-20,良,81,340,29,42,13,29,0.73,107
20,2017-08-21,良,94,348,44,60,17,41,0.89,112
21,2017-08-22,良,80,321,56,78,15,47,0.98,68
22,2017-08-23,优,22,3,10,15,7,20,0.74,43
23,2017-08-24,优,31,53,14,27,7,23,0.69,51
24,2017-08-25,优,43,147,23,39,10,36,0.83,38
25,2017-08-26,优,46,181,23,36,12,30,0.8,49
26,2017-08-27,优,18,6,9,12,7,18,0.7,30
27,2017-08-28,优,21,13,11,19,7,32,0.82,18
28,2017-08-29,良,63,345,25,42,15,37,0.9,82
29,2017-08-30,良,76,360,49,67,17,51,1.05,75
30,2017-08-31,良,59,279,36,48,14,39,0.86,76
0,2017-07-01,优,24,34,11,23,8,24,0.64,23
1,2017-07-02,优,26,33,14,25,6,25,0.72,23
2,2017-07-03,优,33,92,19,30,7,40,0.93,17
3,2017-07-04,优,34,81,21,30,8,44,0.95,21
4,2017-07-05,优,39,94,21,37,10,34,0.89,34
5,2017-07-06,优,27,40,14,25,8,33,0.83,24
6,2017-07-07,优,27,49,12,24,8,29,0.8,21
7,2017-07-08,优,28,54,15,26,7,29,0.77,20
8,2017-07-09,优,34,89,17,31,8,20,0.77,32
9,2017-07-10,优,26,18,12,23,6,16,0.64,39
10,2017-07-11,优,34,54,18,32,8,37,0.75,36
11,2017-07-12,良,55,162,34,49,14,48,0.92,50
12,2017-07-13,优,48,120,27,44,12,39,0.83,42
13,2017-07-14,优,37,55,15,30,8,24,0.7,38
14,2017-07-15,优,27,32,13,24,7,21,0.72,30
15,2017-07-16,优,23,17,11,21,7,18,0.74,20
16,2017-07-17,优,23,18,9,20,7,24,0.77,20
17,2017-07-18,优,20,12,10,18,6,30,0.83,14
18,2017-07-19,优,30,59,17,27,9,33,0.87,28
19,2017-07-20,优,38,90,21,36,11,37,0.87,36
20,2017-07-21,优,41,98,21,38,11,34,0.85,39
21,2017-07-22,良,51,157,25,41,13,31,0.78,56
22,2017-07-23,优,30,31,18,27,10,29,0.75,18
23,2017-07-24,优,35,55,19,30,8,32,0.81,44
24,2017-07-25,良,52,152,20,37,10,35,0.81,63
25,2017-07-26,良,71,235,32,48,16,49,0.89,74
26,2017-07-27,优,46,96,26,42,12,38,0.78,48
27,2017-07-28,良,52,136,26,41,11,32,0.75,67
28,2017-07-29,良,89,341,51,69,15,51,0.9,98
29,2017-07-30,良,80,291,53,71,16,38,0.98,95
30,2017-07-31,良,87,310,51,70,17,46,1.06,102
0,2017-06-01,优,35,25,21,31,10,22,0.63,47
1,2017-06-02,优,43,88,24,42,9,27,0.64,53
2,2017-06-03,良,56,167,26,48,7,24,0.63,71
3,2017-06-04,优,42,74,23,39,6,22,0.71,55
4,2017-06-05,优,41,74,24,33,8,29,0.63,45
5,2017-06-06,优,32,20,16,28,8,31,0.74,43
6,2017-06-07,优,42,58,18,31,8,34,0.89,66
7,2017-06-08,优,44,81,20,36,10,40,0.93,57
8,2017-06-09,优,33,49,19,31,9,40,0.94,26
9,2017-06-10,优,39,123,21,36,10,34,0.79,35
10,2017-06-11,良,60,232,25,39,10,37,0.7,68
11,2017-06-12,优,31,42,15,27,10,27,0.72,34
12,2017-06-13,优,27,27,13,26,9,34,0.79,30
13,2017-06-14,优,45,129,30,45,8,54,0.98,21
14,2017-06-15,优,49,134,22,51,8,32,0.88,47
15,2017-06-16,优,35,62,19,31,8,43,0.91,27
16,2017-06-17,优,40,75,26,33,7,55,1.0,21
17,2017-06-18,优,30,20,19,26,6,35,0.95,30
18,2017-06-19,优,29,20,17,25,7,38,0.9,23
19,2017-06-20,优,38,64,23,36,7,44,0.97,21
20,2017-06-21,优,35,61,19,33,7,36,0.88,32
21,2017-06-22,优,33,60,18,32,6,25,0.75,35
22,2017-06-23,优,29,32,13,27,7,27,0.75,28
23,2017-06-24,优,26,30,12,23,7,28,0.71,32
24,2017-06-25,优,29,50,10,24,7,20,0.66,49
25,2017-06-26,优,32,45,12,28,8,23,0.67,47
26,2017-06-27,优,29,25,12,27,8,27,0.7,35
27,2017-06-28,优,32,31,11,25,9,25,0.62,49
28,2017-06-29,优,28,35,13,24,9,27,0.68,39
29,2017-06-30,优,28,42,13,25,9,29,0.62,37
0,2017-05-01,良,68,137,39,50,9,31,0.77,88
1,2017-05-02,优,47,46,29,46,7,36,0.76,39
2,2017-05-03,优,39,26,24,37,7,29,0.71,18
3,2017-05-04,优,45,106,30,38,13,56,0.86,36
4,2017-05-05,良,78,183,49,69,18,61,1.04,73
5,2017-05-06,良,80,156,56,72,16,50,0.98,82
6,2017-05-07,良,58,93,41,49,7,37,0.88,51
7,2017-05-08,优,44,59,26,38,6,26,0.75,63
8,2017-05-09,良,54,100,32,43,14,44,0.82,73
9,2017-05-10,轻度污染,119,351,77,113,18,62,1.14,118
10,2017-05-11,轻度污染,103,305,48,78,10,39,0.82,115
11,2017-05-12,良,51,100,24,51,14,56,0.81,45
12,2017-05-13,良,68,197,45,75,22,76,1.06,20
13,2017-05-14,良,97,319,52,59,11,43,0.97,87
14,2017-05-15,优,41,55,26,36,9,40,0.82,30
15,2017-05-16,优,36,20,13,24,8,26,0.84,67
16,2017-05-17,良,84,257,57,72,16,45,1.0,86
17,2017-05-18,良,76,167,48,63,11,39,0.89,106
18,2017-05-19,良,62,119,39,50,11,34,0.84,77
19,2017-05-20,良,52,87,35,40,10,33,0.78,67
20,2017-05-20,良,52,87,35,40,10,33,0.78,67
21,2017-05-21,优,47,91,29,38,7,29,0.82,64
22,2017-05-22,优,39,77,25,36,9,23,0.75,66
23,2017-05-23,良,65,305,34,44,10,30,0.72,93
24,2017-05-24,优,31,24,19,29,10,41,0.95,15
25,2017-05-25,优,42,51,25,38,11,29,0.97,63
26,2017-05-26,良,72,200,51,63,18,38,0.91,73
27,2017-05-27,良,85,205,53,67,18,32,0.89,93
28,2017-05-28,良,86,174,49,66,16,32,0.85,130
29,2017-05-29,良,97,260,50,67,14,22,0.78,143
30,2017-05-30,良,56,90,29,37,11,17,0.69,97
31,2017-05-31,良,61,120,31,39,13,24,0.65,79
0,2017-04-01,优,45,25,21,35,7,35,0.75,80
1,2017-04-02,良,61,74,33,55,12,47,0.75,83
2,2017-04-03,良,84,218,51,68,9,34,0.76,108
3,2017-04-04,良,63,89,38,58,9,30,0.76,98
4,2017-04-05,良,61,108,40,57,8,39,0.75,68
5,2017-04-06,良,70,166,50,67,10,66,0.96,19
6,2017-04-07,良,61,130,43,64,11,54,0.93,29
7,2017-04-08,优,43,53,26,46,8,42,0.77,16
8,2017-04-09,优,39,73,21,38,6,31,0.69,25
9,2017-04-10,优,33,32,17,32,5,22,0.65,22
10,2017-04-11,优,45,102,27,43,7,36,0.91,10
11,2017-04-12,优,26,6,13,24,7,27,0.98,24
12,2017-04-13,优,46,29,30,43,10,30,0.92,39
13,2017-04-14,良,74,203,53,73,15,57,1.19,48
14,2017-04-15,良,65,95,44,69,12,65,1.02,43
15,2017-04-16,良,56,81,36,51,7,42,0.85,56
16,2017-04-17,良,68,176,39,52,11,44,0.75,79
17,2017-04-18,良,82,230,58,73,19,61,0.99,74
18,2017-04-19,良,59,104,38,54,9,47,0.88,48
19,2017-04-20,优,43,45,27,42,8,40,0.81,26
20,2017-04-21,优,43,54,24,40,7,44,0.82,28
21,2017-04-22,优,46,47,15,44,8,28,0.73,64
22,2017-04-23,良,64,152,39,50,13,47,0.87,49
23,2017-04-23,良,64,152,39,50,13,47,0.87,49
24,2017-04-24,轻度污染,104,352,77,57,12,50,0.98,48
25,2017-04-25,良,90,306,66,70,8,52,0.99,44
26,2017-04-26,良,61,229,42,51,9,54,0.98,25
27,2017-04-27,优,24,2,11,20,7,33,0.85,32
28,2017-04-28,良,62,135,35,52,11,40,0.82,91
29,2017-04-29,轻度污染,137,359,80,65,16,59,0.95,127
30,2017-04-30,良,97,289,52,45,11,38,0.88,110
0,2017-03-01,良,86,230,63,83,21,55,1.04,44
1,2017-03-02,良,67,167,39,75,17,54,0.83,68
2,2017-03-03,良,90,277,59,101,17,66,0.93,87
3,2017-03-04,良,87,186,63,95,17,77,1.02,59
4,2017-03-05,良,59,118,40,62,9,45,0.95,48
5,2017-03-06,优,47,77,30,44,13,48,1.06,34
6,2017-03-07,优,43,61,28,40,10,37,1.06,34
7,2017-03-08,优,36,18,25,31,8,35,1.01,47
8,2017-03-09,良,72,178,52,62,11,47,1.06,34
9,2017-03-10,良,74,173,52,84,12,70,1.36,9
10,2017-03-11,优,46,52,31,42,8,52,1.13,10
11,2017-03-12,良,56,139,33,60,9,61,1.06,29
12,2017-03-13,良,52,167,33,53,7,46,0.94,38
13,2017-03-14,优,34,24,20,32,9,38,0.91,28
14,2017-03-15,优,47,73,26,49,8,41,0.87,41
15,2017-03-16,良,63,159,43,71,14,59,1.0,23
16,2017-03-17,良,58,101,40,58,10,53,1.03,18
17,2017-03-18,良,59,108,40,58,9,54,1.03,25
18,2017-03-19,优,48,72,33,44,8,55,1.18,9
19,2017-03-20,良,55,111,37,59,9,58,1.03,39
20,2017-03-21,良,64,166,44,68,11,57,1.04,30
21,2017-03-22,优,47,105,30,44,5,49,0.98,50
22,2017-03-23,良,58,174,39,59,8,61,1.07,36
23,2017-03-24,良,52,112,28,49,9,51,0.88,61
24,2017-03-25,优,30,25,17,28,7,40,0.98,27
25,2017-03-26,优,46,47,16,48,8,39,0.85,49
26,2017-03-27,良,64,104,35,74,13,59,0.92,57
27,2017-03-28,良,71,150,46,86,10,56,0.87,76
28,2017-03-29,良,71,138,51,76,8,40,0.87,66
29,2017-03-30,良,63,145,43,70,7,44,0.9,47
30,2017-03-31,优,33,8,20,29,6,38,0.98,34
0,2017-02-01,优,34,16,22,27,9,18,1.14,44
1,2017-02-02,优,43,58,30,35,9,19,1.0,53
2,2017-02-03,良,52,95,35,47,8,23,0.93,67
3,2017-02-04,良,66,104,47,45,9,38,1.05,50
4,2017-02-05,良,61,116,43,45,10,33,1.12,44
5,2017-02-06,良,55,123,38,46,9,39,0.98,54
6,2017-02-07,良,67,211,46,66,8,29,0.89,100
7,2017-02-08,优,47,119,32,40,8,30,0.9,57
8,2017-02-09,优,32,9,20,27,7,18,0.88,60
9,2017-02-10,良,75,220,54,61,14,20,0.91,85
10,2017-02-11,良,73,168,53,60,12,27,0.88,79
11,2017-02-12,良,86,173,63,69,17,49,0.97,60
12,2017-02-13,良,88,163,65,79,12,54,0.91,74
13,2017-02-14,良,75,101,50,67,12,61,0.87,71
14,2017-02-15,良,81,104,47,66,13,65,0.87,89
15,2017-02-16,良,84,149,47,64,14,72,0.89,78
16,2017-02-17,良,91,226,53,76,18,84,0.97,82
17,2017-02-18,轻度污染,114,266,71,105,21,104,1.16,85
18,2017-02-19,良,71,100,50,62,7,43,0.92,86
19,2017-02-20,良,69,137,45,57,9,48,1.0,60
20,2017-02-21,优,47,57,27,44,7,38,0.9,46
21,2017-02-22,优,45,65,29,46,9,59,1.06,31
22,2017-02-23,优,36,40,21,36,10,32,1.06,13
23,2017-02-24,优,29,16,19,27,6,28,0.91,41
24,2017-02-25,优,21,6,13,18,7,30,0.8,35
25,2017-02-26,优,36,17,24,31,10,34,0.84,46
26,2017-02-27,良,63,90,44,63,18,55,1.0,47
27,2017-02-28,良,84,168,61,84,16,61,0.96,84
0,2017-01-01,轻度污染,111,133,83,110,19,65,1.44,45
1,2017-01-02,轻度污染,114,140,81,114,17,65,1.47,76
2,2017-01-03,轻度污染,130,156,98,131,21,82,1.54,54
3,2017-01-04,良,95,108,70,93,14,55,1.11,54
4,2017-01-05,轻度污染,132,232,100,136,21,87,1.34,42
5,2017-01-06,轻度污染,114,253,83,109,16,56,1.14,52
6,2017-01-07,良,91,250,67,90,12,55,0.92,64
7,2017-01-08,良,99,244,72,112,13,53,1.23,39
8,2017-01-09,良,58,125,39,62,13,41,1.22,46
9,2017-01-10,良,85,207,58,104,14,52,1.18,73
10,2017-01-11,良,86,226,63,93,13,47,1.1,48
11,2017-01-12,良,66,173,47,64,10,34,1.25,19
12,2017-01-13,优,19,15,11,15,6,33,1.18,19
13,2017-01-14,优,27,11,17,24,8,34,1.08,20
14,2017-01-15,优,31,23,20,27,7,32,1.15,14
15,2017-01-16,优,38,30,26,31,8,36,1.14,17
16,2017-01-17,良,53,74,35,45,10,39,1.07,19
17,2017-01-18,良,61,106,42,58,13,49,1.14,12
18,2017-01-19,良,55,87,37,53,11,41,1.19,9
19,2017-01-20,优,32,14,20,28,8,24,0.94,47
20,2017-01-21,良,71,150,51,64,12,32,0.96,76
21,2017-01-22,良,64,121,45,60,11,33,0.87,78
22,2017-01-23,良,69,137,49,64,10,45,0.95,65
23,2017-01-24,良,73,140,52,69,9,32,0.94,87
24,2017-01-25,良,62,71,43,58,12,32,0.87,82
25,2017-01-26,良,74,79,53,62,11,26,0.89,92
26,2017-01-27,良,58,68,39,50,8,25,0.78,78
27,2017-01-28,轻度污染,115,153,86,94,14,22,0.77,68
28,2017-01-29,良,79,164,57,57,9,26,0.82,50
29,2017-01-30,优,47,99,33,36,8,22,0.93,38
30,2017-01-31,优,42,67,29,33,8,17,1.11,40
0,2016-12-01,良,91,183,67,93,18,41,1.15,64
1,2016-12-02,良,88,170,65,81,17,45,1.16,44
2,2016-12-03,良,86,130,63,78,19,47,1.23,30
3,2016-12-04,良,82,116,60,76,16,51,1.29,34
4,2016-12-05,良,96,190,71,92,20,52,1.33,42
5,2016-12-06,良,68,105,48,69,14,37,1.01,58
6,2016-12-07,良,90,132,66,101,24,55,1.17,67
7,2016-12-08,良,90,117,66,93,21,63,1.18,56
8,2016-12-09,良,98,178,72,103,24,75,1.31,45
9,2016-12-10,轻度污染,105,214,78,113,23,82,1.38,40
10,2016-12-11,良,94,186,69,92,15,52,0.99,62
11,2016-12-12,良,62,80,40,66,12,44,0.82,63
12,2016-12-13,良,77,181,53,85,18,64,1.13,30
13,2016-12-14,良,52,132,36,46,7,28,1.11,52
14,2016-12-15,优,41,44,27,35,7,27,1.05,63
15,2016-12-16,良,53,62,36,49,11,33,0.9,64
16,2016-12-17,良,63,59,44,66,16,52,0.88,49
17,2016-12-18,良,76,88,55,81,16,59,0.98,52
18,2016-12-19,良,89,97,60,92,12,70,1.14,71
19,2016-12-20,良,98,145,70,112,15,84,1.35,46
20,2016-12-21,轻度污染,106,214,79,103,14,76,1.35,25
21,2016-12-22,良,59,121,41,48,10,42,1.38,21
22,2016-12-23,优,49,68,34,47,12,41,1.5,41
23,2016-12-24,良,69,115,49,50,10,51,1.32,21
24,2016-12-25,良,64,169,45,61,12,44,1.24,22
25,2016-12-26,良,70,265,49,71,14,47,1.3,32
26,2016-12-27,优,26,7,13,24,8,24,1.13,34
27,2016-12-28,良,53,70,37,50,13,34,0.93,57
28,2016-12-29,良,54,70,37,50,13,36,0.91,60
29,2016-12-30,良,66,80,46,69,17,55,1.02,54
30,2016-12-31,良,88,101,65,93,22,66,1.21,46
0,2016-11-01,优,33,54,21,28,9,19,0.81,54
1,2016-11-02,优,29,17,18,26,9,20,0.86,43
2,2016-11-03,优,37,30,24,35,10,22,0.76,56
3,2016-11-04,良,64,89,42,64,17,43,0.93,71
4,2016-11-05,轻度污染,127,266,81,110,23,67,1.16,96
5,2016-11-06,良,88,131,61,85,14,43,0.94,76
6,2016-11-07,良,82,196,53,77,14,45,0.91,77
7,2016-11-08,良,61,212,43,61,14,38,1.1,35
8,2016-11-09,优,28,48,19,24,10,23,1.15,27
9,2016-11-10,优,18,13,11,16,9,26,0.83,22
10,2016-11-11,优,41,55,28,37,15,32,0.91,16
11,2016-11-12,轻度污染,103,282,70,107,24,63,1.38,75
12,2016-11-13,良,72,128,51,72,15,59,1.16,46
13,2016-11-14,良,85,173,58,82,16,59,1.27,61
14,2016-11-15,轻度污染,115,276,70,95,14,44,1.17,143
15,2016-11-16,良,71,168,49,68,11,38,1.05,77
16,2016-11-17,良,89,216,65,89,14,49,1.17,59
17,2016-11-18,轻度污染,107,242,79,108,17,50,1.29,57
18,2016-11-19,良,81,183,58,82,14,39,1.14,41
19,2016-11-20,良,55,126,37,58,14,33,1.02,46
20,2016-11-21,优,49,155,31,52,14,31,0.96,43
21,2016-11-22,优,35,108,24,26,10,26,0.91,15
22,2016-11-23,优,17,15,9,14,9,20,0.87,19
23,2016-11-24,优,19,12,9,17,11,20,0.88,23
24,2016-11-25,优,28,34,17,25,12,26,0.98,13
25,2016-11-26,优,19,15,12,17,11,24,1.06,7
26,2016-11-27,优,27,17,14,24,10,23,0.94,41
27,2016-11-28,优,47,42,31,47,15,38,0.98,49
28,2016-11-29,良,57,77,39,60,17,47,0.98,29
29,2016-11-30,良,68,109,48,75,17,41,1.03,45
0,2016-10-01,优,50,131,32,48,15,43,1.08,37
1,2016-10-02,优,40,94,24,37,12,30,0.88,40
2,2016-10-03,优,30,25,17,25,12,23,0.63,42
3,2016-10-04,优,43,82,28,40,13,29,0.78,51
4,2016-10-05,良,53,130,33,46,15,31,0.87,57
5,2016-10-06,良,51,122,34,46,15,28,0.88,58
6,2016-10-07,优,46,125,30,42,15,30,0.8,43
7,2016-10-08,优,35,80,22,31,13,25,0.75,44
8,2016-10-09,优,39,97,26,35,10,22,0.78,65
9,2016-10-10,良,54,174,33,48,12,21,0.75,82
10,2016-10-11,良,51,155,34,45,15,24,0.7,57
11,2016-10-12,优,43,95,29,36,12,21,0.71,47
12,2016-10-13,优,36,45,22,33,14,21,0.73,49
13,2016-10-14,优,41,55,25,37,16,19,0.69,51
14,2016-10-15,良,54,146,37,52,18,26,0.72,52
15,2016-10-16,良,54,119,36,48,13,23,0.7,46
16,2016-10-17,良,57,139,39,55,12,23,0.73,48
17,2016-10-18,优,38,51,26,28,9,20,0.7,20
18,2016-10-19,优,22,15,14,18,9,26,0.69,16
19,2016-10-20,优,44,121,28,41,16,29,0.86,30
20,2016-10-21,优,35,107,20,33,13,26,0.76,19
21,2016-10-22,良,51,236,34,45,9,21,0.93,54
22,2016-10-23,良,66,327,46,63,12,45,1.03,52
23,2016-10-24,良,59,257,40,57,13,43,0.97,20
24,2016-10-25,良,51,170,32,51,13,38,0.9,35
25,2016-10-26,良,65,264,40,61,11,42,0.85,61
26,2016-10-27,良,70,301,39,62,16,48,0.89,66
27,2016-10-28,良,70,322,44,69,19,52,0.93,55
28,2016-10-29,良,61,287,42,59,16,37,0.99,35
29,2016-10-30,优,42,103,28,35,13,21,0.93,44
30,2016-10-31,优,48,188,31,47,16,31,0.94,52
0,2016-09-01,优,38,89,19,27,9,24,0.59,63
1,2016-09-02,优,37,62,23,36,10,47,0.75,14
2,2016-09-03,良,64,176,45,58,15,57,0.97,25
3,2016-09-04,良,52,90,32,47,11,28,0.78,68
4,2016-09-05,优,49,103,30,44,12,27,0.67,61
5,2016-09-06,优,47,126,30,42,11,37,0.67,42
6,2016-09-07,优,46,110,29,41,10,48,0.71,41
7,2016-09-08,良,56,153,36,43,11,45,0.76,47
8,2016-09-09,优,36,64,21,32,11,35,0.66,36
9,2016-09-10,优,33,59,19,31,10,38,0.64,13
10,2016-09-11,优,43,109,27,41,15,35,0.75,29
11,2016-09-12,优,45,101,22,38,17,29,0.71,64
12,2016-09-13,优,44,64,25,36,11,24,0.64,63
13,2016-09-14,良,52,125,30,48,16,27,0.71,66
14,2016-09-15,优,44,127,28,40,13,17,0.67,61
15,2016-09-16,优,30,68,17,27,10,15,0.6,42
16,2016-09-17,优,40,115,22,35,11,17,0.62,54
17,2016-09-18,优,29,38,16,28,11,22,0.49,51
18,2016-09-19,良,52,186,33,47,12,24,0.59,72
19,2016-09-20,良,65,252,46,64,17,29,0.73,76
20,2016-09-21,良,73,238,50,69,21,29,0.76,92
21,2016-09-22,良,78,238,49,73,17,34,0.79,106
22,2016-09-23,良,80,233,45,70,16,38,0.75,104
23,2016-09-24,良,80,231,38,61,15,35,0.68,106
24,2016-09-25,良,96,289,53,78,15,34,0.77,122
25,2016-09-26,轻度污染,126,353,83,116,22,45,0.93,152
26,2016-09-27,良,97,333,71,105,24,48,0.96,90
27,2016-09-28,良,80,349,55,84,15,31,0.9,96
28,2016-09-29,优,28,44,17,26,10,28,0.91,47
29,2016-09-30,优,32,52,21,29,14,42,1.1,15
0,2016-08-01,良,67,283,43,62,14,28,0.71,79
1,2016-08-02,优,28,26,11,16,4,10,0.53,51
2,2016-08-03,优,34,100,18,31,7,25,0.65,34
3,2016-08-04,优,35,92,19,30,8,25,0.62,33
4,2016-08-05,良,59,254,27,45,11,32,0.7,70
5,2016-08-06,良,85,349,36,62,15,37,0.74,95
6,2016-08-07,良,81,349,39,60,12,32,0.72,97
7,2016-08-08,良,78,354,43,60,9,35,0.74,91
8,2016-08-09,良,83,346,55,80,16,51,0.93,56
9,2016-08-10,优,46,163,30,43,9,40,0.73,43
10,2016-08-11,良,60,268,37,54,16,40,0.75,71
11,2016-08-12,良,61,264,40,55,13,50,0.77,34
12,2016-08-13,良,67,300,35,51,11,27,0.72,78
13,2016-08-14,优,29,36,13,18,7,16,0.57,48
14,2016-08-15,优,26,23,12,22,9,19,0.59,40
15,2016-08-16,优,27,33,14,24,10,23,0.65,31
16,2016-08-17,优,22,9,11,17,8,16,0.57,38
17,2016-08-18,优,26,23,11,19,7,17,0.55,49
18,2016-08-19,优,38,92,18,35,9,23,0.58,52
19,2016-08-20,良,69,309,36,64,11,28,0.68,80
20,2016-08-21,良,70,277,35,47,10,34,0.71,95
21,2016-08-22,良,58,172,29,48,11,31,0.66,79
22,2016-08-23,良,83,317,43,67,18,40,0.77,95
23,2016-08-24,良,85,305,53,72,12,57,0.87,84
24,2016-08-25,良,100,344,52,76,13,38,0.86,106
25,2016-08-26,良,100,365,47,60,13,32,0.75,113
26,2016-08-27,良,57,242,33,44,12,30,0.92,72
27,2016-08-28,良,51,144,34,49,12,22,0.89,62
28,2016-08-29,良,65,214,42,62,13,23,0.79,100
29,2016-08-30,良,84,310,51,69,15,32,0.89,109
30,2016-08-31,良,95,325,53,68,13,27,0.84,129
0,2016-07-01,优,25,49,10,21,5,18,0.49,32
1,2016-07-02,优,28,53,13,25,5,15,0.47,39
2,2016-07-03,优,23,27,11,21,6,14,0.48,30
3,2016-07-04,优,24,32,12,21,5,22,0.5,24
4,2016-07-05,优,31,78,14,25,6,23,0.56,34
5,2016-07-06,优,45,173,25,37,10,35,0.63,58
6,2016-07-07,良,52,213,26,43,10,28,0.62,72
7,2016-07-08,良,63,265,40,55,15,34,0.73,76
8,2016-07-09,良,93,343,55,81,18,38,0.82,102
9,2016-07-10,良,60,248,27,32,6,24,0.62,91
10,2016-07-11,良,57,218,38,45,8,43,0.8,52
11,2016-07-12,优,30,44,18,24,7,35,0.65,29
12,2016-07-13,优,47,180,27,38,6,32,0.74,46
13,2016-07-14,优,42,147,25,41,7,39,0.77,21
14,2016-07-15,优,44,167,27,45,7,23,0.67,34
15,2016-07-16,优,38,81,19,35,5,20,0.51,45
16,2016-07-17,优,36,68,17,31,4,12,0.46,52
17,2016-07-18,优,30,43,15,27,4,12,0.42,41
18,2016-07-19,优,24,14,12,22,4,11,0.41,30
19,2016-07-20,优,24,23,10,20,4,9,0.4,37
20,2016-07-21,优,28,31,11,21,5,13,0.43,46
21,2016-07-22,良,58,232,20,33,8,19,0.49,81
22,2016-07-23,良,58,203,22,38,10,23,0.53,78
23,2016-07-24,良,76,294,26,42,11,24,0.53,90
24,2016-07-25,良,80,315,28,47,9,31,0.57,94
25,2016-07-26,优,44,93,21,35,8,25,0.57,56
26,2016-07-27,优,29,23,14,28,7,22,0.48,35
27,2016-07-28,良,52,115,23,43,12,26,0.55,65
28,2016-07-29,良,85,289,29,57,15,32,0.6,111
29,2016-07-30,良,75,271,40,66,18,41,0.72,73
30,2016-07-31,良,87,344,44,62,12,29,0.74,112
0,2016-06-01,优,42,76,21,33,6,18,0.52,59
1,2016-06-02,优,48,121,21,36,6,16,0.58,72
2,2016-06-03,优,44,116,20,34,7,17,0.56,74
3,2016-06-04,优,47,125,24,45,9,43,0.75,45
4,2016-06-05,优,35,28,23,30,6,44,0.84,19
5,2016-06-06,良,73,241,33,38,4,42,0.91,83
6,2016-06-07,良,74,255,32,46,6,36,0.77,81
7,2016-06-08,良,54,134,29,40,5,49,0.88,55
8,2016-06-09,优,41,62,21,33,5,31,0.8,45
9,2016-06-10,优,38,74,21,30,6,25,0.73,56
10,2016-06-11,优,34,65,19,27,6,26,0.74,35
11,2016-06-12,优,26,23,15,24,5,32,0.71,30
12,2016-06-13,良,52,139,33,49,8,41,0.99,39
13,2016-06-14,优,43,81,24,43,7,33,0.84,38
14,2016-06-15,优,34,53,17,32,4,15,0.64,52
15,2016-06-16,优,49,118,21,32,6,26,0.72,75
16,2016-06-17,良,59,158,22,36,10,40,0.82,65
17,2016-06-18,优,30,45,13,25,5,16,0.59,43
18,2016-06-19,优,33,69,14,27,8,26,0.62,39
19,2016-06-20,优,33,75,16,31,8,23,0.62,36
20,2016-06-21,优,31,44,14,26,6,21,0.59,37
21,2016-06-22,优,31,44,14,26,7,18,0.59,54
22,2016-06-23,优,40,104,15,27,9,25,0.58,59
23,2016-06-24,良,54,256,21,32,11,25,0.55,71
24,2016-06-25,优,42,136,20,31,11,33,0.54,52
25,2016-06-26,良,51,165,23,39,11,33,0.61,51
26,2016-06-27,良,55,192,28,46,9,34,0.72,75
27,2016-06-28,优,37,74,20,34,10,37,0.72,20
28,2016-06-29,优,32,62,16,30,8,29,0.63,25
29,2016-06-30,优,29,55,11,25,6,21,0.55,33
0,2016-05-01,良,55,72,36,45,6,21,0.87,74
1,2016-05-02,优,43,31,26,40,6,17,0.71,42
2,2016-05-03,优,41,38,25,35,7,28,0.64,34
3,2016-05-04,良,60,122,37,51,13,42,0.76,50
4,2016-05-05,优,38,25,23,36,4,18,0.5,30
5,2016-05-06,优,36,27,22,33,2,12,0.45,48
6,2016-05-07,优,41,62,23,37,6,24,0.56,41
7,2016-05-08,优,31,20,19,28,5,20,0.46,30
8,2016-05-09,优,32,16,19,30,5,18,0.48,35
9,2016-05-10,优,35,32,22,29,7,28,0.7,46
10,2016-05-11,良,63,106,32,41,9,21,0.78,109
11,2016-05-12,良,95,252,51,67,8,28,0.87,131
12,2016-05-13,良,79,265,46,68,10,28,0.74,103
13,2016-05-14,优,48,78,30,48,6,26,0.63,66
14,2016-05-15,优,46,108,24,36,6,20,0.58,63
15,2016-05-16,优,49,75,23,54,7,20,0.6,74
16,2016-05-17,良,70,152,46,76,12,30,0.71,76
17,2016-05-18,良,77,184,38,62,7,27,0.7,119
18,2016-05-19,良,59,77,34,53,7,29,0.67,84
19,2016-05-20,优,46,75,31,41,5,34,0.76,47
20,2016-05-21,优,28,8,16,21,7,24,0.78,41
21,2016-05-22,优,42,89,24,33,10,20,0.86,70
22,2016-05-23,良,55,160,34,48,12,26,0.85,88
23,2016-05-24,轻度污染,133,358,76,100,18,40,0.97,165
24,2016-05-25,良,90,294,36,50,7,27,0.63,98
25,2016-05-26,良,56,167,31,45,8,24,0.63,77
26,2016-05-27,优,28,22,15,24,5,21,0.52,40
27,2016-05-28,优,29,24,13,19,4,23,0.55,43
28,2016-05-29,优,43,87,24,40,9,31,0.76,31
29,2016-05-30,优,43,60,23,39,6,23,0.6,46
30,2016-05-31,优,34,37,17,29,5,14,0.46,49
0,2016-04-01,良,92,210,66,84,11,52,0.8,63
1,2016-04-02,良,67,131,46,61,6,41,0.71,38
2,2016-04-03,良,57,178,39,54,7,42,0.7,18
3,2016-04-04,优,37,25,23,32,6,32,0.6,28
4,2016-04-05,优,49,89,30,40,8,42,0.68,21
5,2016-04-06,优,35,45,21,32,4,26,0.49,31
6,2016-04-07,优,40,68,25,38,5,29,0.59,29
7,2016-04-08,优,44,63,28,41,6,31,0.58,28
8,2016-04-09,优,38,44,25,35,4,25,0.52,28
9,2016-04-10,优,42,65,27,27,5,33,0.66,64
10,2016-04-11,优,42,42,28,37,6,31,0.77,45
11,2016-04-12,优,34,10,22,31,5,43,0.76,34
12,2016-04-13,良,55,95,37,46,10,64,1.07,26
13,2016-04-14,良,69,143,49,69,11,52,1.35,7
14,2016-04-15,优,44,34,30,41,6,37,0.86,19
15,2016-04-16,优,50,131,31,49,4,23,0.65,34
16,2016-04-17,优,46,90,31,45,5,21,0.68,16
17,2016-04-18,优,31,6,15,23,7,25,0.9,63
18,2016-04-19,优,41,19,23,37,5,30,0.91,73
19,2016-04-20,优,48,92,30,46,7,44,0.79,44
20,2016-04-21,良,63,168,44,61,9,58,1.0,8
21,2016-04-22,良,58,121,40,56,10,54,1.03,26
22,2016-04-23,良,58,177,40,56,10,60,0.98,24
23,2016-04-24,良,53,126,37,49,7,51,1.02,32
24,2016-04-25,优,47,87,29,40,7,30,0.83,40
25,2016-04-26,优,30,15,19,28,5,19,0.51,26
26,2016-04-27,良,54,122,33,52,12,32,0.8,66
27,2016-04-28,良,58,108,36,56,16,37,0.94,68
28,2016-04-29,良,77,191,56,76,13,36,0.93,85
29,2016-04-30,良,82,205,60,83,11,36,0.88,94
0,2016-03-01,轻度污染,112,304,83,127,12,63,0.81,86
1,2016-03-02,良,97,186,66,108,12,57,0.7,104
2,2016-03-03,良,74,107,47,73,12,57,0.61,62
3,2016-03-04,良,72,102,51,76,12,71,0.72,44
4,2016-03-05,良,71,87,50,73,13,65,0.79,34
5,2016-03-06,良,70,89,49,71,18,62,0.79,35
6,2016-03-07,优,48,46,32,43,7,45,0.52,27
7,2016-03-08,优,48,89,30,44,5,39,0.58,39
8,2016-03-09,良,54,249,38,48,7,51,0.85,5
9,2016-03-10,优,14,3,4,5,4,18,0.63,31
10,2016-03-11,优,35,27,22,29,6,20,0.57,42
11,2016-03-12,良,52,49,36,43,8,30,0.67,19
12,2016-03-13,优,44,55,30,36,8,39,0.95,5
13,2016-03-14,优,38,25,25,33,8,26,0.77,34
14,2016-03-15,良,69,82,49,58,10,38,0.93,19
15,2016-03-16,良,57,72,40,49,7,39,0.83,16
16,2016-03-17,良,60,92,43,52,7,49,1.0,5
17,2016-03-18,良,71,106,51,67,7,50,1.1,10
18,2016-03-19,良,95,195,69,96,11,52,1.48,7
19,2016-03-20,良,59,62,41,51,6,27,0.84,42
20,2016-03-21,优,47,68,32,36,5,38,0.83,41
21,2016-03-22,优,43,77,30,31,6,41,0.79,35
22,2016-03-23,优,44,97,30,34,7,53,0.95,19
23,2016-03-24,优,24,5,16,19,4,25,0.72,38
24,2016-03-25,良,52,97,34,50,8,35,0.59,67
25,2016-03-26,良,77,237,50,73,15,55,0.76,68
26,2016-03-27,良,68,142,45,60,10,48,0.65,68
27,2016-03-28,良,77,173,55,76,15,57,0.72,81
28,2016-03-29,良,92,251,67,103,16,75,0.79,79
29,2016-03-30,轻度污染,121,321,90,108,13,70,0.95,46
30,2016-03-31,中度污染,168,346,127,160,19,78,1.23,82
0,2016-02-01,优,15,11,5,5,6,15,0.84,31
1,2016-02-02,优,26,18,15,18,5,15,0.91,41
2,2016-02-03,良,53,49,36,41,6,17,0.94,41
3,2016-02-04,良,58,95,40,48,6,23,1.0,39
4,2016-02-05,优,37,29,25,31,4,13,0.77,57
5,2016-02-06,良,55,93,37,50,9,10,0.63,101
6,2016-02-07,良,53,41,27,45,7,14,0.57,84
7,2016-02-08,良,97,77,72,88,13,21,0.67,63
8,2016-02-09,良,81,165,59,74,8,26,0.73,75
9,2016-02-10,良,69,157,49,61,6,18,0.75,65
10,2016-02-11,良,56,121,39,55,5,20,0.75,51
11,2016-02-12,优,36,19,21,30,4,12,0.64,45
12,2016-02-13,优,28,18,16,25,4,9,0.6,45
13,2016-02-14,优,31,45,19,25,6,14,1.06,42
14,2016-02-15,优,30,39,18,23,4,8,0.79,58
15,2016-02-16,优,41,75,28,35,4,13,0.61,55
16,2016-02-17,良,52,93,36,45,6,21,0.62,50
17,2016-02-18,良,71,171,51,56,6,37,0.84,28
18,2016-02-19,良,61,92,43,45,4,38,0.99,13
19,2016-02-20,良,54,96,35,48,6,27,0.79,69
20,2016-02-21,良,83,161,61,89,10,39,0.98,52
21,2016-02-22,良,65,119,46,71,6,37,1.02,23
22,2016-02-23,优,21,6,11,18,4,21,0.88,29
23,2016-02-24,优,21,7,11,15,4,16,0.74,38
24,2016-02-25,优,39,29,26,33,5,22,0.61,31
25,2016-02-26,优,33,14,23,28,6,29,0.64,19
26,2016-02-27,优,32,10,21,27,8,27,0.7,30
27,2016-02-28,良,51,65,35,48,12,43,0.76,40
28,2016-02-29,良,74,195,48,79,14,51,0.82,44
0,2016-01-01,良,80,95,58,79,20,46,1.11,39
1,2016-01-02,良,88,102,65,90,18,54,1.23,37
2,2016-01-03,轻度污染,116,168,87,88,14,62,1.3,30
3,2016-01-04,良,89,162,65,77,18,51,1.31,24
4,2016-01-05,优,48,84,32,42,10,44,1.02,12
5,2016-01-06,优,38,45,23,31,13,27,0.9,37
6,2016-01-07,优,46,81,31,42,12,29,1.08,66
7,2016-01-08,良,53,91,36,48,18,29,0.98,47
8,2016-01-09,良,62,104,44,59,17,34,1.08,48
9,2016-01-10,良,73,154,53,68,18,39,1.11,33
10,2016-01-11,优,25,19,14,18,11,28,0.94,32
11,2016-01-12,优,36,49,24,33,16,27,1.03,30
12,2016-01-13,良,53,98,37,48,18,29,0.99,44
13,2016-01-14,良,64,107,45,58,19,41,1.03,23
14,2016-01-15,优,44,57,31,34,11,39,0.94,14
15,2016-01-16,优,44,49,31,36,11,35,0.98,9
16,2016-01-17,优,34,26,22,29,12,31,1.03,21
17,2016-01-18,优,36,21,21,34,13,24,0.94,57
18,2016-01-19,良,56,71,39,53,17,39,0.88,30
19,2016-01-20,良,78,174,56,67,14,48,1.04,12
20,2016-01-21,优,30,32,19,26,10,31,1.08,9
21,2016-01-22,优,22,22,14,18,9,23,1.07,14
22,2016-01-23,优,28,24,17,20,7,13,0.74,46
23,2016-01-24,优,45,78,26,40,8,11,0.59,71
24,2016-01-25,良,51,77,23,53,11,22,0.57,67
25,2016-01-26,良,55,81,31,54,12,45,0.67,28
26,2016-01-27,优,41,49,28,32,8,43,0.85,15
27,2016-01-28,优,36,35,24,26,8,45,0.94,7
28,2016-01-29,优,26,10,17,19,7,36,0.75,20
29,2016-01-30,优,32,18,21,30,9,30,0.94,14
30,2016-01-31,优,34,31,23,29,8,29,0.85,18
0,2015-12-01,良,85,185,62,85,22,53,1.06,54
1,2015-12-02,良,73,179,53,75,14,44,0.92,75
2,2015-12-03,优,24,13,16,19,8,27,0.95,19
3,2015-12-04,优,22,5,14,20,11,26,0.97,15
4,2015-12-05,优,46,125,29,44,14,29,0.88,16
5,2015-12-06,优,20,13,9,15,9,16,0.67,39
6,2015-12-07,优,29,18,15,26,11,21,0.74,34
7,2015-12-08,优,39,41,25,37,15,32,0.91,18
8,2015-12-09,优,29,30,20,25,11,31,1.05,3
9,2015-12-10,优,33,30,21,30,16,35,1.03,13
10,2015-12-11,优,38,53,26,31,15,25,0.97,28
11,2015-12-12,良,53,98,37,53,12,33,1.02,39
12,2015-12-13,良,72,170,52,71,14,44,1.09,58
13,2015-12-14,优,29,16,18,29,11,27,1.28,22
14,2015-12-15,优,40,69,28,36,10,18,1.0,48
15,2015-12-16,良,75,298,53,66,16,15,0.92,78
16,2015-12-17,优,45,72,21,42,16,20,0.44,70
17,2015-12-18,良,58,109,37,60,25,42,0.62,54
18,2015-12-19,良,75,154,54,81,31,58,0.82,49
19,2015-12-20,良,100,185,74,96,25,58,0.95,39
20,2015-12-21,良,90,128,66,73,14,45,0.99,23
21,2015-12-22,轻度污染,120,182,90,114,18,71,1.45,16
22,2015-12-23,良,98,133,72,97,17,70,1.31,19
23,2015-12-24,良,59,107,41,62,13,48,1.0,21
24,2015-12-25,优,29,21,18,25,11,29,1.26,38
25,2015-12-26,优,38,35,26,33,15,30,1.11,24
26,2015-12-27,优,43,72,30,36,13,36,1.16,10
27,2015-12-28,优,40,34,27,37,14,29,0.92,45
28,2015-12-29,良,65,91,46,60,18,35,1.08,27
29,2015-12-30,良,56,72,39,48,12,31,1.12,24
30,2015-12-31,良,67,86,48,60,12,34,1.03,38
0,2015-11-01,优,21,10,11,18,8,15,0.84,40
1,2015-11-02,优,50,85,31,53,16,38,0.74,65
2,2015-11-03,良,65,103,45,63,24,35,0.76,74
3,2015-11-04,良,78,156,56,77,24,47,0.96,55
4,2015-11-05,良,100,268,70,96,19,50,1.0,70
5,2015-11-06,良,53,179,31,50,11,32,0.68,50
6,2015-11-07,良,56,222,33,58,15,38,0.75,47
7,2015-11-08,良,51,121,28,52,15,33,0.74,38
8,2015-11-09,优,48,93,31,48,14,28,0.81,28
9,2015-11-10,优,45,71,30,41,16,23,1.04,35
10,2015-11-11,良,72,195,51,74,16,31,1.14,65
11,2015-11-12,良,69,184,48,68,13,30,0.94,54
12,2015-11-13,优,37,71,25,33,11,27,1.05,10
13,2015-11-14,优,42,66,26,43,17,31,0.96,29
14,2015-11-15,良,58,139,39,54,13,31,0.82,36
15,2015-11-16,优,47,97,27,47,11,31,0.68,35
16,2015-11-17,良,51,134,31,52,12,34,0.72,22
17,2015-11-18,良,66,267,40,65,14,51,0.79,34
18,2015-11-19,良,84,305,61,87,25,46,0.99,33
19,2015-11-20,良,92,291,68,96,16,47,0.99,64
20,2015-11-21,良,87,306,64,81,16,38,0.98,33
21,2015-11-22,良,66,292,47,61,17,28,1.01,55
22,2015-11-23,优,48,184,32,44,16,25,0.86,46
23,2015-11-24,良,60,289,40,59,18,37,0.89,50
24,2015-11-25,良,51,169,32,51,15,33,1.05,15
25,2015-11-26,优,33,41,15,31,12,19,0.68,59
26,2015-11-27,优,41,38,24,41,15,24,0.57,65
27,2015-11-28,良,68,139,48,71,24,48,0.81,34
28,2015-11-29,良,89,182,66,90,23,49,1.0,38
29,2015-11-30,良,84,180,61,83,21,42,0.99,49
0,2015-10-01,良,85,308,56,71,13,19,0.95,84
1,2015-10-02,优,50,100,29,40,10,10,0.78,87
2,2015-10-03,优,43,67,28,38,11,11,0.84,61
3,2015-10-04,优,21,6,14,18,6,9,0.7,33
4,2015-10-05,优,25,13,15,24,7,14,0.69,29
5,2015-10-06,优,39,68,24,37,12,27,0.76,25
6,2015-10-07,优,42,106,26,40,10,27,0.8,17
7,2015-10-08,优,47,165,27,40,15,21,1.0,58
8,2015-10-09,优,49,128,29,41,12,20,0.88,73
9,2015-10-10,优,36,84,23,32,10,16,0.63,58
10,2015-10-11,优,41,105,14,22,7,17,0.41,72
11,2015-10-12,良,57,143,36,60,21,40,0.68,53
12,2015-10-13,良,82,202,53,78,22,40,0.75,104
13,2015-10-14,轻度污染,116,260,73,100,17,41,0.84,127
14,2015-10-15,轻度污染,133,285,87,113,18,47,0.91,114
15,2015-10-16,轻度污染,107,215,69,96,24,49,0.87,86
16,2015-10-17,良,99,215,62,94,25,58,0.89,78
17,2015-10-18,良,96,259,70,98,26,49,0.89,81
18,2015-10-19,良,98,255,70,96,22,46,0.85,92
19,2015-10-20,良,81,161,56,83,20,43,0.81,80
20,2015-10-21,良,75,171,49,71,22,40,0.81,76
21,2015-10-22,良,75,162,50,73,22,40,0.83,67
22,2015-10-23,良,86,192,57,82,24,50,0.85,64
23,2015-10-24,良,94,247,63,93,21,45,0.81,88
24,2015-10-25,良,67,179,43,64,13,23,0.71,76
25,2015-10-26,良,67,181,41,66,15,32,0.87,74
26,2015-10-27,良,68,246,48,78,19,51,0.88,35
27,2015-10-28,良,98,316,72,94,29,46,1.13,62
28,2015-10-29,良,68,235,44,65,12,29,0.84,84
29,2015-10-30,良,75,298,49,71,13,33,0.79,76
30,2015-10-31,优,45,126,30,42,13,18,0.96,55
0,2015-09-01,优,42,99,25,39,10,37,0.87,34
1,2015-09-02,优,30,51,16,27,8,30,0.72,29
2,2015-09-03,优,41,112,25,40,13,32,0.8,25
3,2015-09-04,优,46,160,22,36,12,23,0.71,43
4,2015-09-05,优,49,194,23,34,12,23,0.59,65
5,2015-09-06,良,54,217,25,40,12,25,0.63,71
6,2015-09-07,优,34,34,19,31,10,29,0.7,32
7,2015-09-08,良,70,263,39,56,10,31,0.75,89
8,2015-09-09,良,98,357,49,71,12,33,0.69,143
9,2015-09-10,良,84,319,37,59,12,37,0.62,114
10,2015-09-11,良,84,327,46,65,11,36,0.63,107
11,2015-09-12,良,87,359,57,77,12,33,0.69,102
12,2015-09-13,良,82,346,59,74,11,19,0.69,103
13,2015-09-14,良,74,289,48,60,12,24,0.74,93
14,2015-09-15,良,70,235,47,66,16,26,0.76,89
15,2015-09-16,良,63,187,44,60,12,26,0.71,68
16,2015-09-17,良,71,221,42,60,11,30,0.68,95
17,2015-09-18,轻度污染,103,320,49,68,10,35,0.74,140
18,2015-09-19,良,68,223,44,54,18,29,0.69,70
19,2015-09-20,良,58,169,27,42,7,29,0.68,69
20,2015-09-21,优,40,82,27,35,11,46,0.78,21
21,2015-09-22,良,66,247,35,51,12,34,0.79,59
22,2015-09-23,良,68,275,29,45,13,31,0.69,67
23,2015-09-24,良,65,262,28,41,14,26,0.65,79
24,2015-09-25,良,76,302,36,54,19,33,0.72,85
25,2015-09-26,良,59,207,36,47,12,26,0.84,64
26,2015-09-27,良,52,135,32,39,10,12,0.81,81
27,2015-09-28,良,63,236,41,55,14,19,0.76,97
28,2015-09-29,良,68,284,44,65,20,28,0.76,98
29,2015-09-30,良,99,338,68,93,20,42,1.02,89
0,2015-08-01,良,57,212,22,34,11,31,0.65,64
1,2015-08-02,良,52,170,18,30,9,23,0.58,63
2,2015-08-03,良,67,300,22,35,11,34,0.64,70
3,2015-08-04,良,74,325,23,35,14,30,0.57,93
4,2015-08-05,良,95,337,33,45,15,30,0.6,121
5,2015-08-06,良,91,352,36,48,14,27,0.63,120
6,2015-08-07,良,72,290,38,53,16,31,0.7,100
7,2015-08-08,良,70,294,45,63,16,28,0.7,94
8,2015-08-09,良,70,311,36,56,19,34,0.65,85
9,2015-08-10,优,49,207,25,29,6,21,0.65,90
10,2015-08-11,优,38,107,26,30,7,42,0.79,31
11,2015-08-12,良,78,296,33,50,14,31,0.8,81
12,2015-08-13,优,30,17,11,21,7,22,0.56,47
13,2015-08-14,优,31,28,18,27,6,35,0.66,32
14,2015-08-15,优,35,53,20,32,9,43,0.81,18
15,2015-08-16,优,46,117,28,45,10,37,0.95,34
16,2015-08-17,优,35,57,17,32,7,28,0.69,34
17,2015-08-18,优,48,120,19,33,6,20,0.58,64
18,2015-08-19,良,58,212,23,35,8,21,0.55,82
19,2015-08-20,良,52,199,34,45,16,45,0.75,28
20,2015-08-21,良,51,140,34,48,15,30,0.81,57
21,2015-08-22,良,52,126,35,47,13,24,0.78,68
22,2015-08-23,良,65,210,42,59,15,26,0.81,81
23,2015-08-24,良,74,274,43,65,13,25,0.79,95
24,2015-08-25,良,85,319,51,72,17,25,0.83,115
25,2015-08-26,良,95,314,57,78,12,31,0.87,112
26,2015-08-27,良,75,239,43,59,9,25,0.81,109
27,2015-08-28,良,52,128,32,42,7,35,0.79,64
28,2015-08-29,良,64,201,38,53,10,49,0.94,45
29,2015-08-30,优,45,99,28,39,8,31,0.8,51
30,2015-08-31,优,43,88,27,38,9,34,0.87,39
0,2015-07-01,优,48,152,18,32,7,15,0.61,85
1,2015-07-02,优,46,118,18,32,7,16,0.58,71
2,2015-07-03,优,49,162,19,35,6,12,0.57,87
3,2015-07-04,优,44,102,18,32,6,16,0.56,76
4,2015-07-05,优,44,112,24,40,11,32,0.69,64
5,2015-07-06,优,41,71,24,32,10,18,0.82,71
6,2015-07-07,优,41,49,22,29,7,13,0.7,82
7,2015-07-08,优,41,38,20,28,7,14,0.68,84
8,2015-07-09,优,33,23,18,26,9,17,0.69,60
9,2015-07-10,优,30,23,14,20,7,20,0.58,58
10,2015-07-11,优,49,137,28,40,15,32,0.65,60
11,2015-07-12,良,58,157,35,50,12,29,0.74,76
12,2015-07-13,轻度污染,103,306,51,66,14,29,0.75,132
13,2015-07-14,良,78,200,26,36,8,30,0.63,99
14,2015-07-15,良,66,206,26,38,9,30,0.72,83
15,2015-07-16,良,85,320,30,44,8,36,0.78,96
16,2015-07-17,良,58,209,26,37,8,34,0.73,78
17,2015-07-18,良,52,140,29,42,12,32,0.66,75
18,2015-07-19,良,53,146,32,42,11,20,0.62,71
19,2015-07-20,优,37,47,24,34,8,24,0.59,42
20,2015-07-21,优,23,15,11,16,6,26,0.56,34
21,2015-07-22,优,35,59,15,34,7,25,0.57,36
22,2015-07-23,优,28,32,15,26,5,20,0.51,32
23,2015-07-24,优,27,27,16,24,5,29,0.61,29
24,2015-07-25,优,29,22,14,26,5,16,0.51,45
25,2015-07-26,优,30,27,15,25,4,15,0.52,48
26,2015-07-27,优,31,28,16,28,5,19,0.52,45
27,2015-07-28,优,33,45,15,26,6,20,0.5,44
28,2015-07-29,优,32,45,18,30,8,28,0.57,34
29,2015-07-30,优,42,107,25,39,14,34,0.72,25
30,2015-07-31,良,59,265,22,35,12,30,0.67,61
0,2015-06-01,优,43,60,24,42,8,38,1.03,24
1,2015-06-02,优,34,29,18,27,4,15,0.74,39
2,2015-06-03,优,29,18,11,21,4,13,0.67,48
3,2015-06-04,优,34,24,14,24,6,22,0.67,45
4,2015-06-05,优,32,22,16,28,8,35,0.72,42
5,2015-06-06,良,53,120,27,36,9,43,0.82,31
6,2015-06-07,优,25,10,12,18,5,11,0.53,42
7,2015-06-08,优,25,12,12,21,6,11,0.57,45
8,2015-06-09,优,28,16,13,22,7,16,0.59,42
9,2015-06-10,优,28,9,14,24,7,18,0.59,44
10,2015-06-11,优,31,20,15,26,7,22,0.6,45
11,2015-06-12,优,42,60,23,38,13,41,0.78,39
12,2015-06-13,优,36,39,20,32,9,24,0.71,25
13,2015-06-14,优,23,9,12,16,5,13,0.57,31
14,2015-06-15,优,29,22,12,20,6,19,0.58,41
15,2015-06-16,优,26,15,11,20,8,20,0.6,40
16,2015-06-17,优,33,40,12,22,8,17,0.62,48
17,2015-06-18,优,45,111,15,26,10,19,0.67,58
18,2015-06-19,优,37,49,14,24,11,18,0.66,62
19,2015-06-20,优,27,15,14,21,9,23,0.69,36
20,2015-06-21,优,33,42,18,28,11,18,0.76,49
21,2015-06-22,优,26,20,12,19,7,14,0.72,46
22,2015-06-23,优,23,8,12,20,8,23,0.81,36
23,2015-06-24,优,31,68,17,28,8,29,0.81,28
24,2015-06-25,优,37,101,21,35,8,24,0.79,29
25,2015-06-26,优,37,78,17,31,7,21,0.61,47
26,2015-06-27,优,32,55,13,25,5,11,0.48,54
27,2015-06-28,优,34,59,14,25,6,13,0.5,57
28,2015-06-29,优,38,81,13,25,6,13,0.54,68
29,2015-06-30,良,53,217,17,32,7,15,0.61,87
0,2015-05-01,优,33,15,19,28,6,22,0.58,36
1,2015-05-02,优,23,3,12,21,6,14,0.55,36
2,2015-05-03,优,36,12,17,29,7,19,0.61,51
3,2015-05-04,优,36,22,17,29,5,16,0.61,62
4,2015-05-05,优,30,12,18,28,5,26,0.68,40
5,2015-05-06,优,37,24,24,32,4,20,0.68,54
6,2015-05-07,优,34,19,16,21,5,29,0.75,58
7,2015-05-08,优,22,3,13,19,5,17,0.56,28
8,2015-05-09,优,26,8,15,23,6,24,0.72,36
9,2015-05-10,优,47,72,29,43,10,35,1.02,53
10,2015-05-11,优,34,28,21,30,9,29,0.86,43
11,2015-05-12,优,47,81,18,39,12,29,0.86,85
12,2015-05-13,良,65,133,35,63,11,49,1.0,77
13,2015-05-14,优,42,44,26,37,9,30,0.67,35
14,2015-05-15,优,31,23,15,26,8,22,0.56,33
15,2015-05-16,优,39,52,18,25,9,47,0.77,54
16,2015-05-17,优,38,37,24,32,8,47,0.87,27
17,2015-05-18,优,26,7,15,23,5,21,0.65,35
18,2015-05-19,优,28,11,14,24,5,14,0.61,47
19,2015-05-20,优,29,12,16,25,6,27,0.71,31
20,2015-05-21,优,29,11,18,25,7,31,0.8,44
21,2015-05-22,优,39,43,24,33,8,32,0.9,55
22,2015-05-23,优,43,70,27,38,8,47,1.08,26
23,2015-05-24,良,71,183,51,63,16,69,1.43,28
24,2015-05-25,良,97,241,56,67,10,52,1.35,76
25,2015-05-26,优,36,24,21,33,6,40,0.91,28
26,2015-05-27,优,43,38,25,40,6,25,0.85,40
27,2015-05-28,优,39,23,17,32,3,10,0.66,69
28,2015-05-29,优,41,32,17,33,3,9,0.66,78
29,2015-05-30,优,43,61,17,31,4,20,0.72,63
30,2015-05-31,优,42,47,25,38,9,39,0.97,37
0,2015-04-01,优,36,27,20,35,8,34,0.59,22
1,2015-04-02,优,31,14,17,29,7,21,0.51,37
2,2015-04-03,优,24,2,14,23,6,12,0.46,44
3,2015-04-10,优,24,12,14,23,6,26,0.79,23
4,2015-04-11,优,24,9,15,23,7,28,0.84,27
5,2015-04-12,优,42,24,27,43,12,31,0.94,45
6,2015-04-13,良,78,286,51,84,20,51,1.09,66
7,2015-04-14,良,72,161,35,66,20,31,0.64,121
8,2015-04-15,良,95,218,38,66,14,48,0.76,130
9,2015-04-16,轻度污染,111,258,44,72,18,51,0.85,147
10,2015-04-17,良,71,83,36,52,10,40,0.76,87
11,2015-04-18,优,45,31,26,44,10,28,0.76,38
12,2015-04-19,优,43,46,24,42,6,15,0.64,64
13,2015-04-20,优,41,42,25,36,11,28,0.82,41
14,2015-04-21,优,37,21,18,22,11,24,1.07,74
15,2015-04-22,良,58,100,34,46,13,30,0.9,90
16,2015-04-23,良,71,153,44,64,18,36,0.92,102
17,2015-04-24,良,69,139,44,61,18,37,0.92,76
18,2015-04-25,轻度污染,111,281,80,105,25,73,1.14,85
19,2015-04-26,良,79,147,57,80,10,47,0.85,72
20,2015-04-27,良,75,149,42,64,12,45,0.81,85
21,2015-04-28,良,60,90,31,45,9,27,0.66,80
22,2015-04-29,良,76,193,39,57,18,34,0.8,92
23,2015-04-30,良,83,191,39,51,13,33,0.81,92
0,2015-03-01,优,24,15,13,16,8,17,0.72,43
1,2015-03-02,优,41,30,25,40,8,30,0.81,42
2,2015-03-03,优,49,72,34,43,9,36,0.86,39
3,2015-03-04,优,23,9,14,16,5,23,0.84,24
4,2015-03-05,优,49,124,30,49,8,36,0.95,14
5,2015-03-06,优,30,36,19,24,6,25,0.97,8
6,2015-03-07,优,37,31,24,37,8,31,0.98,17
7,2015-03-08,良,57,120,38,56,14,46,0.95,39
8,2015-03-09,良,86,254,62,84,22,57,1.29,29
9,2015-03-10,优,47,66,32,42,10,32,1.02,30
10,2015-03-11,优,44,58,29,42,8,32,0.99,23
11,2015-03-12,优,26,11,16,25,10,36,1.04,17
12,2015-03-13,优,44,46,28,44,16,44,1.15,14
13,2015-03-14,良,59,76,40,65,15,58,1.17,25
14,2015-03-15,良,59,57,37,64,11,58,1.13,21
15,2015-03-16,优,46,34,30,46,10,43,0.98,22
16,2015-03-17,优,45,34,30,42,8,38,0.76,29
17,2015-03-18,优,47,79,30,44,9,33,0.67,34
18,2015-03-19,优,50,67,33,47,13,30,0.74,47
19,2015-03-20,优,48,65,30,42,13,34,0.68,46
20,2015-03-21,良,74,165,52,81,30,61,1.12,26
21,2015-03-22,良,84,183,61,78,21,48,1.36,47
22,2015-03-23,良,61,114,40,63,13,38,0.94,91
23,2015-03-24,优,38,21,23,32,13,27,1.02,62
24,2015-03-25,良,53,100,33,49,13,30,0.83,64
25,2015-03-26,良,55,110,38,46,12,35,0.84,32
26,2015-03-27,优,46,49,31,34,11,33,0.89,48
27,2015-03-28,良,65,101,37,50,17,43,0.94,67
28,2015-03-29,良,70,117,40,46,11,47,0.86,68
29,2015-03-30,优,48,50,30,43,11,36,0.71,49
30,2015-03-31,优,39,25,23,37,9,36,0.61,31
0,2015-02-01,良,64,124,45,57,15,35,0.88,37
1,2015-02-02,良,78,125,56,75,19,55,1.03,50
2,2015-02-03,良,94,158,69,95,24,60,1.04,52
3,2015-02-04,良,86,156,63,77,15,38,1.26,32
4,2015-02-05,良,55,74,38,46,8,19,0.98,56
5,2015-02-06,轻度污染,109,246,82,101,22,37,1.1,66
6,2015-02-07,轻度污染,120,248,90,116,24,55,1.23,46
7,2015-02-08,良,84,224,60,78,18,29,0.91,93
8,2015-02-09,良,92,222,66,92,26,46,0.98,94
9,2015-02-10,轻度污染,109,218,81,108,15,54,1.04,98
10,2015-02-11,轻度污染,129,244,97,125,28,86,1.19,47
11,2015-02-12,中度污染,152,269,113,119,18,47,1.26,105
12,2015-02-13,良,91,172,63,91,12,63,1.07,87
13,2015-02-14,良,76,80,52,89,15,52,0.96,80
14,2015-02-15,轻度污染,101,184,75,104,16,46,1.11,42
15,2015-02-16,良,65,58,46,58,4,30,1.07,26
16,2015-02-17,良,61,77,42,50,7,32,1.01,39
17,2015-02-18,良,67,97,44,59,7,15,0.98,102
18,2015-02-19,良,71,81,48,84,10,10,0.88,107
19,2015-02-20,良,56,149,31,45,5,10,0.74,102
20,2015-02-21,优,38,35,22,34,5,14,0.72,68
21,2015-02-22,优,39,38,25,34,6,21,0.81,43
22,2015-02-23,优,26,10,16,19,4,16,0.84,45
23,2015-02-24,优,31,18,21,28,4,16,0.93,41
24,2015-02-25,优,31,19,21,27,5,20,0.89,37
25,2015-02-26,优,36,46,24,32,9,25,0.87,37
26,2015-02-27,优,32,46,19,26,5,18,0.64,50
27,2015-02-28,优,34,85,19,27,5,20,0.55,64
0,2015-01-01,良,75,166,53,76,20,46,0.83,75
1,2015-01-02,良,99,395,74,109,28,55,0.99,77
2,2015-01-03,轻度污染,131,215,98,142,22,81,1.2,81
3,2015-01-04,轻度污染,105,108,72,110,21,82,1.02,111
4,2015-01-05,良,78,75,56,86,20,76,1.07,27
5,2015-01-06,良,88,241,65,92,24,80,1.05,29
6,2015-01-07,良,72,149,52,66,22,39,1.56,26
7,2015-01-08,良,64,80,45,59,22,32,1.21,73
8,2015-01-09,良,86,121,63,83,31,46,1.12,68
9,2015-01-10,良,93,130,69,96,32,54,1.14,59
10,2015-01-11,良,96,158,71,84,22,42,1.12,43
11,2015-01-12,良,57,98,41,38,10,31,0.99,40
12,2015-01-13,优,22,2,13,15,12,29,0.89,36
13,2015-01-14,优,32,19,19,29,12,26,0.79,53
14,2015-01-15,良,59,73,41,58,18,38,0.95,52
15,2015-01-16,良,82,125,59,78,22,55,1.06,37
16,2015-01-17,良,68,76,49,66,18,45,0.82,61
17,2015-01-18,轻度污染,110,199,82,111,27,54,1.12,54
18,2015-01-19,良,93,179,69,99,25,51,1.0,78
19,2015-01-20,轻度污染,148,310,112,166,28,98,1.46,75
20,2015-01-21,中度污染,155,304,116,170,36,102,1.53,57
21,2015-01-22,良,94,153,69,94,20,64,1.04,62
22,2015-01-23,良,100,112,73,107,26,81,0.96,58
23,2015-01-24,良,81,75,59,88,17,45,0.8,76
24,2015-01-25,良,83,91,61,83,15,36,0.86,71
25,2015-01-26,良,87,100,64,79,17,44,0.91,39
26,2015-01-27,良,79,169,58,74,18,47,0.88,42
27,2015-01-28,良,57,190,39,52,7,26,0.82,71
28,2015-01-29,良,72,229,51,73,17,52,0.85,83
29,2015-01-30,良,66,158,47,64,21,45,1.1,26
30,2015-01-31,良,57,112,40,53,18,36,0.88,30
0,2014-12-01,优,38,23,25,34,14,29,1.41,36
1,2014-12-02,良,76,131,55,64,21,32,1.23,50
2,2014-12-03,良,72,96,52,65,13,49,1.33,17
3,2014-12-04,优,27,17,14,15,9,25,0.84,50
4,2014-12-05,优,48,41,31,50,26,42,0.8,56
5,2014-12-06,良,69,53,49,70,30,55,0.97,50
6,2014-12-07,良,66,40,47,55,19,39,0.91,43
7,2014-12-08,良,55,23,38,49,17,36,0.93,53
8,2014-12-09,良,82,77,59,79,29,57,1.05,59
9,2014-12-10,良,90,90,66,91,32,55,1.16,64
10,2014-12-11,良,88,108,65,79,30,36,1.1,64
11,2014-12-12,良,63,56,41,65,17,24,0.88,70
12,2014-12-13,良,72,54,46,92,27,38,0.85,73
13,2014-12-14,良,79,41,56,103,28,58,0.98,59
14,2014-12-15,轻度污染,105,73,78,134,34,84,1.26,33
15,2014-12-16,良,70,81,47,83,30,30,0.88,81
16,2014-12-17,良,58,35,29,63,28,28,0.63,81
17,2014-12-18,良,76,50,48,91,29,61,0.8,50
18,2014-12-19,良,87,78,63,76,19,58,0.88,29
19,2014-12-20,良,81,106,59,78,23,57,0.99,48
20,2014-12-21,良,84,111,61,81,24,44,0.94,66
21,2014-12-22,良,80,57,58,79,26,44,0.92,83
22,2014-12-23,良,96,52,71,88,27,63,1.04,32
23,2014-12-24,轻度污染,104,71,78,99,22,69,1.35,33
24,2014-12-25,轻度污染,142,156,107,122,26,79,1.58,23
25,2014-12-26,轻度污染,112,112,84,84,20,42,1.19,61
26,2014-12-27,良,82,68,60,50,12,40,1.31,30
27,2014-12-28,良,59,27,41,30,13,30,1.3,42
28,2014-12-29,良,71,24,50,65,15,46,1.16,60
29,2014-12-30,良,98,75,72,101,23,73,1.39,45
30,2014-12-31,轻度污染,144,477,109,153,31,93,1.7,23
0,2014-11-01,轻度污染,114,148,72,99,20,63,0.92,90
1,2014-11-02,良,66,106,47,60,10,31,0.93,56
2,2014-11-03,良,68,94,48,70,25,44,1.01,62
3,2014-11-04,良,97,136,72,108,37,57,1.14,60
4,2014-11-05,良,85,65,62,89,14,51,0.89,78
5,2014-11-06,良,80,77,58,74,18,45,1.05,30
6,2014-11-07,良,67,93,48,55,18,36,0.93,30
7,2014-11-08,优,34,18,23,20,11,32,0.96,20
8,2014-11-09,优,40,29,26,38,16,29,1.1,45
9,2014-11-10,优,48,31,30,43,17,34,1.08,30
10,2014-11-11,优,46,22,29,41,17,36,1.06,22
11,2014-11-12,优,32,18,20,29,13,30,1.01,17
12,2014-11-13,良,58,51,41,59,16,31,0.96,50
13,2014-11-14,良,75,63,54,73,22,36,1.03,50
14,2014-11-15,良,74,49,53,77,23,45,1.1,53
15,2014-11-16,良,74,47,53,76,18,44,1.08,50
16,2014-11-17,良,70,36,50,64,11,20,0.83,74
17,2014-11-18,良,72,29,52,69,13,26,0.84,74
18,2014-11-19,良,82,49,60,88,28,42,0.97,78
19,2014-11-20,良,95,70,69,103,23,58,1.11,71
20,2014-11-21,良,87,53,59,93,24,62,1.08,66
21,2014-11-22,良,99,65,61,97,25,63,1.13,77
22,2014-11-23,良,70,51,35,63,17,44,0.85,86
23,2014-11-24,良,74,97,37,68,15,57,0.96,67
24,2014-11-25,良,72,94,47,91,30,69,1.16,48
25,2014-11-26,良,82,93,59,103,25,43,1.44,74
26,2014-11-27,良,71,94,45,74,12,36,1.0,89
27,2014-11-28,良,70,80,42,85,19,55,1.16,62
28,2014-11-29,良,56,36,34,62,12,48,1.0,43
29,2014-11-30,良,52,52,35,53,11,36,1.06,48
0,2014-10-01,良,73,141,40,47,12,15,0.85,119
1,2014-10-02,良,73,101,46,58,51,20,0.88,92
2,2014-10-03,良,71,89,47,63,20,25,0.92,77
3,2014-10-04,良,68,108,43,56,19,24,0.88,86
4,2014-10-05,良,82,140,48,70,20,29,0.82,115
5,2014-10-06,良,69,73,39,68,24,29,0.72,110
6,2014-10-07,良,93,116,55,82,23,30,0.84,142
7,2014-10-08,轻度污染,105,117,71,94,27,42,0.95,107
8,2014-10-09,良,82,86,52,70,18,34,0.78,104
9,2014-10-10,良,66,45,46,63,23,39,0.75,72
10,2014-10-11,良,65,46,44,61,22,35,0.71,79
11,2014-10-12,良,60,80,40,54,18,24,0.67,82
12,2014-10-13,良,58,74,38,54,14,20,0.63,99
13,2014-10-14,轻度污染,112,155,84,109,23,28,0.93,121
14,2014-10-15,轻度污染,118,104,89,112,21,38,0.97,97
15,2014-10-16,轻度污染,115,128,86,112,26,35,0.96,101
16,2014-10-17,良,95,89,66,97,18,37,0.86,123
17,2014-10-18,轻度污染,104,92,60,86,22,31,0.81,145
18,2014-10-19,良,99,123,58,88,16,28,0.82,123
19,2014-10-20,良,91,100,55,85,20,55,0.82,71
20,2014-10-21,良,90,110,59,93,37,64,0.89,83
21,2014-10-22,良,62,39,43,58,22,27,0.95,73
22,2014-10-23,良,60,18,42,60,24,42,1.04,60
23,2014-10-24,轻度污染,102,103,76,110,27,56,1.23,58
24,2014-10-25,轻度污染,106,126,78,108,19,50,1.11,79
25,2014-10-26,良,100,105,74,102,20,47,1.09,82
26,2014-10-27,轻度污染,102,134,71,92,25,39,1.04,89
27,2014-10-28,良,74,91,41,65,15,32,0.72,106
28,2014-10-29,良,68,95,40,67,11,31,0.68,87
29,2014-10-30,良,74,103,43,70,15,45,0.72,101
30,2014-10-31,良,86,123,56,79,12,41,0.78,92
0,2014-09-01,优,49,68,25,38,13,25,0.89,51
1,2014-09-02,良,97,185,41,62,21,41,0.99,91
2,2014-09-03,良,82,182,28,46,26,33,0.78,100
3,2014-09-04,良,70,116,33,48,32,35,0.8,81
4,2014-09-05,良,63,63,40,61,14,36,0.91,79
5,2014-09-06,良,60,41,33,47,24,29,0.89,76
6,2014-09-07,良,53,39,32,44,15,25,0.88,59
7,2014-09-08,优,30,16,18,26,14,15,0.84,34
8,2014-09-09,优,39,30,21,32,13,21,0.86,46
9,2014-09-10,良,52,45,22,36,20,32,0.72,59
10,2014-09-11,良,69,134,32,48,14,37,0.8,77
11,2014-09-12,优,33,24,20,28,15,22,0.65,32
12,2014-09-13,优,35,28,19,30,13,22,0.64,38
13,2014-09-14,优,47,75,25,37,17,22,0.72,59
14,2014-09-15,优,48,89,29,43,16,22,0.73,51
15,2014-09-16,优,22,10,12,16,12,12,0.6,36
16,2014-09-17,优,32,33,16,30,10,18,0.67,39
17,2014-09-18,良,88,175,32,54,20,32,0.8,107
18,2014-09-19,良,85,148,49,74,34,46,0.96,94
19,2014-09-20,优,48,42,30,33,19,18,0.97,70
20,2014-09-21,优,41,18,25,36,15,28,0.83,74
21,2014-09-22,良,61,88,34,45,17,23,0.77,95
22,2014-09-23,良,79,150,42,56,18,29,0.82,102
23,2014-09-24,良,76,148,47,61,19,33,0.89,89
24,2014-09-25,轻度污染,106,158,63,83,20,35,0.99,134
25,2014-09-26,轻度污染,121,162,51,64,19,41,0.88,141
26,2014-09-27,良,74,83,28,42,16,45,0.8,78
27,2014-09-28,良,78,124,31,45,21,47,0.77,86
28,2014-09-29,良,97,179,40,56,24,41,0.74,123
29,2014-09-30,轻度污染,108,187,58,82,25,44,0.96,113
0,2014-08-01,轻度污染,116,167,48,63,42,37,0.83,132
1,2014-08-02,轻度污染,123,179,47,58,32,37,0.81,155
2,2014-08-03,轻度污染,125,177,48,42,15,28,0.85,132
3,2014-08-04,良,64,82,30,43,11,36,0.76,82
4,2014-08-05,良,78,139,37,54,30,40,0.76,82
5,2014-08-06,良,56,85,33,45,15,35,0.65,68
6,2014-08-07,良,56,85,25,36,16,33,0.7,64
7,2014-08-09,优,48,67,16,25,17,19,0.61,68
8,2014-08-10,优,45,31,17,29,16,18,0.61,73
9,2014-08-11,优,44,37,16,28,18,20,0.64,59
10,2014-08-12,优,41,37,19,33,13,26,0.7,45
11,2014-08-13,优,36,32,19,26,30,31,0.79,25
12,2014-08-14,优,34,28,19,30,12,28,0.8,29
13,2014-08-15,良,71,102,26,42,36,24,0.84,75
14,2014-08-16,良,64,79,29,44,25,29,0.81,64
15,2014-08-17,良,68,115,29,48,30,27,0.81,76
16,2014-08-18,良,66,129,23,35,15,22,0.72,67
17,2014-08-19,优,36,34,20,28,13,22,0.73,45
18,2014-08-20,优,29,22,18,24,10,30,0.82,14
19,2014-08-21,良,51,33,24,33,16,26,0.81,39
20,2014-08-23,优,43,27,20,29,12,23,0.78,53
21,2014-08-24,优,32,14,16,24,13,23,0.69,44
22,2014-08-25,良,90,175,29,46,22,41,0.8,98
23,2014-08-26,良,62,73,26,40,19,24,0.73,78
24,2014-08-27,优,34,21,17,28,12,13,0.64,48
25,2014-08-28,优,28,15,13,24,11,18,0.64,36
26,2014-08-29,良,63,113,20,38,35,23,0.74,74
27,2014-08-30,良,67,124,28,44,15,23,0.78,87
28,2014-08-31,优,42,36,25,37,15,20,0.81,52
0,2014-07-01,优,35,19,16,32,10,25,0.58,35
1,2014-07-02,优,37,18,18,35,13,24,0.58,37
2,2014-07-03,优,40,22,17,33,12,23,0.57,55
3,2014-07-04,优,33,12,14,27,11,19,0.53,48
4,2014-07-05,优,47,44,18,32,13,23,0.55,67
5,2014-07-06,优,50,51,21,38,14,23,0.67,75
6,2014-07-07,良,81,125,45,62,18,39,0.77,105
7,2014-07-08,良,87,128,61,81,26,53,0.97,60
8,2014-07-09,轻度污染,113,179,48,69,30,51,0.91,121
9,2014-07-10,良,60,71,30,44,14,39,0.72,76
10,2014-07-11,优,38,26,23,37,13,37,0.73,29
11,2014-07-12,优,42,37,24,39,19,34,0.79,28
12,2014-07-13,优,37,30,17,30,11,24,0.68,37
13,2014-07-14,优,29,15,10,20,12,20,0.55,46
14,2014-07-15,优,29,18,9,21,10,19,0.55,43
15,2014-07-16,良,57,81,18,34,14,34,0.65,72
16,2014-07-17,优,44,38,23,38,15,22,0.66,55
17,2014-07-18,优,24,10,13,21,12,18,0.64,32
18,2014-07-19,优,31,18,13,27,11,17,0.64,43
19,2014-07-20,优,42,42,19,36,17,30,0.73,40
20,2014-07-21,良,60,97,38,61,34,54,0.93,65
21,2014-07-22,轻度污染,111,184,69,98,47,58,1.15,98
22,2014-07-23,轻度污染,117,187,65,98,41,51,1.05,117
23,2014-07-24,良,98,170,47,65,23,28,0.81,126
24,2014-07-25,良,88,160,44,59,13,45,0.86,94
25,2014-07-26,优,41,25,24,36,18,30,0.79,39
26,2014-07-27,优,38,21,19,32,14,29,0.74,46
27,2014-07-28,良,69,75,26,42,19,27,0.73,91
28,2014-07-29,良,85,103,31,47,26,42,0.74,95
29,2014-07-30,轻度污染,110,179,49,67,19,37,0.8,141
30,2014-07-31,轻度污染,109,171,44,67,25,41,0.83,112
0,2014-06-01,优,32,14,13,24,10,22,0.51,52
1,2014-06-02,优,32,14,13,23,14,21,0.53,47
2,2014-06-03,优,35,11,19,29,10,38,0.68,41
3,2014-06-04,良,62,64,27,44,14,33,0.75,66
4,2014-06-05,优,26,5,12,21,9,24,0.53,36
5,2014-06-06,优,41,30,25,38,14,49,0.92,24
6,2014-06-07,良,62,83,42,62,19,75,0.98,48
7,2014-06-08,良,85,105,59,76,18,36,0.9,115
8,2014-06-09,良,74,114,35,48,9,34,0.73,103
9,2014-06-10,良,70,108,34,48,14,42,1.05,99
10,2014-06-11,良,62,67,43,53,16,58,0.82,52
11,2014-06-12,良,77,74,45,64,15,48,0.84,87
12,2014-06-13,轻度污染,105,115,62,87,23,61,0.9,106
13,2014-06-14,良,91,90,50,67,17,40,0.73,116
14,2014-06-15,良,56,27,36,49,14,37,0.76,77
15,2014-06-16,良,99,108,53,77,22,39,0.8,106
16,2014-06-17,优,30,5,14,24,9,26,0.55,51
17,2014-06-18,优,35,12,17,30,9,33,0.61,41
18,2014-06-19,优,27,5,13,23,9,24,0.51,37
19,2014-06-20,优,30,8,14,29,8,28,0.52,38
20,2014-06-21,优,39,34,20,32,9,34,0.61,58
21,2014-06-22,优,32,13,20,29,9,43,0.68,23
22,2014-06-23,优,41,32,22,40,10,36,0.67,32
23,2014-06-24,优,35,27,18,32,11,38,0.7,26
24,2014-06-25,优,42,37,23,40,12,36,0.73,32
25,2014-06-26,优,45,47,20,37,11,26,0.69,50
26,2014-06-27,良,53,74,22,38,10,32,0.59,56
27,2014-06-28,良,71,98,29,49,16,41,0.65,65
28,2014-06-29,优,42,29,22,34,10,29,0.57,54
29,2014-06-30,优,31,18,15,26,11,25,0.54,38
0,2014-05-01,优,38,7,20,19,26,27,0.96,55
1,2014-05-02,优,48,15,31,42,13,32,0.82,48
2,2014-05-03,良,76,89,35,51,33,32,0.99,103
3,2014-05-04,良,59,57,41,55,11,40,0.73,68
4,2014-05-05,优,33,15,18,16,16,35,0.75,55
5,2014-05-06,优,41,14,29,34,14,44,0.76,34
6,2014-05-07,优,50,24,31,34,30,53,1.06,42
7,2014-05-08,优,44,17,29,36,13,54,0.92,27
8,2014-05-09,优,43,29,22,30,32,56,1.0,38
9,2014-05-10,优,35,16,18,29,12,37,0.6,47
10,2014-05-11,优,38,24,21,31,23,47,0.88,32
11,2014-05-12,良,60,55,43,56,14,55,0.9,35
12,2014-05-13,良,58,34,36,64,38,36,1.14,47
13,2014-05-14,优,26,5,13,25,9,18,0.46,38
14,2014-05-15,优,49,29,26,42,29,40,0.91,51
15,2014-05-16,优,50,22,33,48,12,40,0.82,21
16,2014-05-17,优,26,7,13,18,9,23,0.5,42
17,2014-05-18,优,33,12,19,28,11,39,0.71,23
18,2014-05-19,优,44,19,27,38,14,43,0.73,38
19,2014-05-20,优,47,24,31,45,21,59,0.84,24
20,2014-05-21,优,44,19,27,39,14,39,0.78,28
21,2014-05-22,优,25,4,14,23,9,29,0.52,35
22,2014-05-23,优,45,34,30,37,12,47,0.88,15
23,2014-05-24,优,39,20,22,33,12,31,0.67,31
24,2014-05-25,优,42,24,18,32,11,25,0.62,48
25,2014-05-26,优,49,29,28,45,17,35,0.62,60
26,2014-05-27,轻度污染,115,103,63,94,33,62,0.94,97
27,2014-05-28,良,67,54,32,49,25,43,0.69,55
28,2014-05-29,优,43,14,23,38,12,39,0.7,39
29,2014-05-30,优,32,11,16,25,9,27,0.53,37
30,2014-05-31,优,32,11,14,23,8,20,0.49,53
0,2014-04-01,良,58,33,41,57,18,49,1.19,32
1,2014-04-02,良,51,21,35,44,14,51,1.16,33
2,2014-04-03,优,49,23,28,33,21,50,1.26,65
3,2014-04-04,良,73,62,53,68,23,58,0.98,64
4,2014-04-05,良,92,120,58,75,35,50,1.04,118
5,2014-04-06,良,83,101,61,62,15,40,0.83,79
6,2014-04-07,良,61,33,43,45,19,40,0.87,79
7,2014-04-08,良,67,28,48,61,13,59,1.04,46
8,2014-04-09,良,76,45,50,64,36,53,1.26,80
9,2014-04-10,良,58,23,35,47,12,34,0.75,77
10,2014-04-11,良,63,39,39,53,34,44,1.11,80
11,2014-04-12,良,55,36,36,51,16,46,0.73,54
12,2014-04-13,良,72,82,46,74,74,56,1.18,94
13,2014-04-14,良,68,45,48,68,15,36,0.87,72
14,2014-04-15,良,75,63,35,57,30,42,0.98,116
15,2014-04-16,良,62,53,43,61,15,45,0.7,67
16,2014-04-17,良,63,52,36,57,32,40,0.93,75
17,2014-04-18,良,55,31,36,56,25,66,0.69,31
18,2014-04-19,良,51,51,29,46,37,49,0.92,49
19,2014-04-20,良,56,45,37,60,29,56,0.73,22
20,2014-04-21,良,51,36,34,50,18,48,0.73,39
21,2014-04-22,良,69,76,50,68,20,57,0.93,29
22,2014-04-23,良,57,30,37,49,34,42,1.09,56
23,2014-04-24,良,62,37,44,59,9,40,0.79,67
24,2014-04-25,良,58,52,38,55,32,44,0.89,52
25,2014-04-26,优,47,43,31,42,11,43,0.68,47
26,2014-04-27,良,51,48,29,37,38,35,1.02,69
27,2014-04-28,良,63,72,33,47,21,38,0.9,84
28,2014-04-29,良,88,106,63,83,42,52,1.16,90
29,2014-04-30,良,57,13,40,36,11,41,0.83,38
0,2014-03-01,优,42,22,26,41,15,41,0.61,42
1,2014-03-02,良,55,42,33,34,41,37,1.35,43
2,2014-03-03,良,69,62,50,59,17,39,1.08,30
3,2014-03-04,良,79,110,58,69,31,49,1.27,25
4,2014-03-05,优,43,16,29,33,21,42,1.11,20
5,2014-03-06,良,75,120,53,64,40,51,1.11,56
6,2014-03-07,优,50,51,36,35,11,38,0.96,16
7,2014-03-08,优,47,29,33,37,13,42,0.9,8
8,2014-03-09,优,28,10,20,20,15,31,0.83,20
9,2014-03-10,优,49,18,34,35,23,40,0.92,20
10,2014-03-11,良,62,23,44,51,15,46,0.94,21
11,2014-03-12,轻度污染,123,150,93,118,39,75,1.75,22
12,2014-03-13,良,55,23,39,48,21,47,1.16,30
13,2014-03-14,良,73,41,50,66,36,35,1.16,80
14,2014-03-15,良,99,93,74,90,33,49,0.94,40
15,2014-03-16,轻度污染,128,143,97,126,48,65,1.37,43
16,2014-03-17,中度污染,154,130,117,152,38,92,1.42,41
17,2014-03-18,良,93,55,69,98,28,69,1.37,35
18,2014-03-19,良,79,49,58,85,23,61,1.03,39
19,2014-03-20,良,90,135,66,95,52,56,1.29,50
20,2014-03-21,良,63,47,45,57,25,29,0.77,59
21,2014-03-22,良,74,62,51,59,56,47,1.07,69
22,2014-03-23,良,88,78,60,93,24,58,0.83,95
23,2014-03-25,良,70,28,41,59,23,52,0.69,66
24,2014-03-26,良,91,57,63,88,48,80,1.16,67
25,2014-03-27,优,49,12,32,51,18,53,0.65,41
26,2014-03-28,良,52,22,33,46,37,49,0.98,35
27,2014-03-29,良,51,23,34,50,15,64,0.82,17
28,2014-03-30,良,52,21,35,48,20,41,1.2,40
29,2014-03-31,优,49,25,30,38,12,57,1.02,39
0,2014-02-01,良,70,40,45,39,15,28,0.84,79
1,2014-02-02,良,70,34,47,49,17,32,0.99,85
2,2014-02-03,良,78,101,51,59,19,42,0.97,87
3,2014-02-04,良,69,129,46,39,12,26,1.01,89
4,2014-02-05,良,52,103,30,38,9,17,0.98,90
5,2014-02-06,优,41,71,20,20,12,29,0.93,60
6,2014-02-07,优,40,55,27,30,17,41,0.99,24
7,2014-02-08,优,36,23,25,22,13,26,1.29,18
8,2014-02-09,优,18,6,12,11,10,21,1.07,14
9,2014-02-10,优,39,32,25,28,15,20,1.08,51
10,2014-02-11,良,61,46,43,46,16,17,0.78,59
11,2014-02-12,良,68,40,49,32,13,26,0.8,45
12,2014-02-13,优,37,18,25,20,11,23,0.72,37
13,2014-02-14,良,63,26,45,39,14,18,0.76,66
14,2014-02-15,良,66,32,47,38,19,30,0.87,36
15,2014-02-16,轻度污染,101,108,75,84,33,63,1.3,21
16,2014-02-17,中度污染,191,175,147,187,63,139,2.34,16
17,2014-02-18,良,86,130,64,76,29,49,1.55,5
18,2014-02-19,优,20,8,12,11,12,26,1.06,33
19,2014-02-20,优,42,17,28,36,19,27,0.96,58
20,2014-02-21,良,69,30,50,72,20,59,0.87,78
21,2014-02-22,良,87,42,64,75,20,48,1.05,56
22,2014-02-23,良,84,42,61,68,23,55,0.95,66
23,2014-02-24,良,58,21,39,56,21,51,0.86,62
24,2014-02-25,良,60,52,41,60,21,56,0.92,43
25,2014-02-26,良,79,65,57,73,26,56,1.2,54
26,2014-02-27,良,56,36,38,48,18,38,0.91,52
27,2014-02-28,良,55,66,38,49,22,47,0.9,51
0,2014-01-01,轻度污染,131,104,102,122,41,86,1.62,58
1,2014-01-02,轻度污染,146,102,120,145,30,108,1.71,54
2,2014-01-03,中度污染,179,119,135,170,52,115,1.95,50
3,2014-01-04,中度污染,151,126,114,141,44,73,1.53,80
4,2014-01-05,中度污染,151,88,114,145,45,70,1.5,94
5,2014-01-06,中度污染,186,117,140,179,31,72,1.58,113
6,2014-01-07,良,100,78,74,102,23,63,1.28,64
7,2014-01-08,良,100,134,74,88,26,60,1.56,17
8,2014-01-09,良,63,46,45,51,23,37,1.57,58
9,2014-01-10,良,98,83,73,74,22,47,1.24,53
10,2014-01-11,轻度污染,122,104,92,114,35,78,1.41,66
11,2014-01-12,轻度污染,117,108,88,111,28,70,1.47,40
12,2014-01-13,优,50,17,36,41,20,34,1.03,46
13,2014-01-14,良,64,34,45,53,21,36,0.95,50
14,2014-01-15,良,84,40,61,76,26,53,0.99,66
15,2014-01-16,轻度污染,126,73,95,122,30,82,1.17,69
16,2014-01-17,轻度污染,130,57,98,130,37,92,1.42,50
17,2014-01-18,良,90,26,66,82,26,54,0.91,83
18,2014-01-19,轻度污染,142,80,108,128,38,61,1.23,96
19,2014-01-20,轻度污染,129,95,98,118,32,70,1.11,78
20,2014-01-21,良,87,88,64,92,30,38,0.88,97
21,2014-01-22,良,89,61,65,96,24,47,0.84,91
22,2014-01-24,良,85,54,60,78,17,65,0.9,69
23,2014-01-25,良,58,20,40,54,27,54,1.05,46
24,2014-01-26,良,79,86,57,63,16,50,1.01,71
25,2014-01-27,轻度污染,103,106,77,93,20,39,1.05,107
26,2014-01-28,良,93,98,69,84,18,53,1.02,85
27,2014-01-29,轻度污染,111,112,72,86,18,58,1.21,91
28,2014-01-30,轻度污染,109,61,78,94,27,64,1.18,81
29,2014-01-31,中度污染,194,78,151,168,31,40,1.25,89
0,2013-12-01,良,74,28,54,79,34,70,1.04,51
1,2013-12-02,良,78,22,63,90,35,82,1.24,58
2,2013-12-03,轻度污染,121,38,106,146,37,105,1.6,63
3,2013-12-04,轻度污染,132,43,93,134,43,87,1.46,56
4,2013-12-05,良,100,38,74,100,41,87,1.1,49
5,2013-12-06,轻度污染,108,45,88,113,43,85,1.32,58
6,2013-12-07,轻度污染,137,38,115,144,48,96,1.41,56
7,2013-12-08,中度污染,173,45,124,151,37,78,1.51,59
8,2013-12-09,中度污染,172,52,116,153,47,76,1.4,74
9,2013-12-10,中度污染,165,98,135,161,50,48,1.49,115
10,2013-12-11,中度污染,175,105,119,148,55,51,1.39,73
11,2013-12-12,轻度污染,144,91,121,143,57,61,1.45,50
12,2013-12-13,中度污染,190,100,138,163,47,75,1.69,20
13,2013-12-14,轻度污染,143,67,87,84,28,47,1.44,29
14,2013-12-15,良,89,37,38,21,10,38,1.18,22
15,2013-12-16,优,27,6,10,11,13,36,1.34,32
16,2013-12-17,优,19,5,13,18,19,38,1.27,15
17,2013-12-18,优,26,10,15,21,18,21,0.77,46
18,2013-12-19,优,31,5,29,37,16,31,0.69,51
19,2013-12-20,良,55,15,47,62,33,51,0.98,47
20,2013-12-21,良,78,22,72,82,31,42,1.05,67
21,2013-12-22,轻度污染,117,41,99,113,42,51,1.42,74
22,2013-12-23,轻度污染,132,40,92,113,45,72,1.35,50
23,2013-12-24,轻度污染,109,27,82,98,42,64,1.33,67
24,2013-12-25,轻度污染,115,24,90,107,41,65,1.26,69
25,2013-12-26,轻度污染,114,27,76,90,36,50,1.16,86
26,2013-12-27,轻度污染,122,65,121,140,56,45,1.29,98
27,2013-12-28,中度污染,158,96,84,105,35,54,1.07,69
28,2013-12-29,良,88,34,67,87,33,57,0.97,63
29,2013-12-30,轻度污染,110,42,86,114,51,87,1.24,40
30,2013-12-31,轻度污染,114,71,90,115,53,92,1.32,43
0,2013-11-01,良,97,55,64,91,26,65,1.06,73
1,2013-11-02,良,83,30,61,76,31,36,0.97,81
2,2013-11-03,良,81,37,59,71,18,21,0.95,84
3,2013-11-04,良,83,49,61,72,26,34,1.08,62
4,2013-11-05,良,84,45,62,70,18,41,1.12,34
5,2013-11-06,良,76,21,62,82,40,56,1.24,58
6,2013-11-07,良,99,52,76,95,24,50,0.73,71
7,2013-11-08,良,100,50,70,94,23,54,1.12,80
8,2013-11-09,轻度污染,104,56,77,109,26,62,1.24,55
9,2013-11-10,良,82,62,48,69,20,37,0.93,32
10,2013-11-11,良,70,72,45,59,15,28,0.8,52
11,2013-11-12,优,45,22,22,30,12,31,0.86,39
12,2013-11-13,优,29,10,13,19,13,31,0.99,19
13,2013-11-14,优,30,6,26,37,20,36,1.06,22
14,2013-11-15,优,43,7,32,43,19,35,0.92,56
15,2013-11-16,良,57,10,46,59,29,40,0.91,55
16,2013-11-17,良,64,16,45,76,27,49,0.82,54
17,2013-11-18,良,71,30,53,99,32,55,0.76,69
18,2013-11-19,良,82,42,70,128,37,65,0.81,55
19,2013-11-20,轻度污染,124,63,104,161,40,71,1.24,70
20,2013-11-21,轻度污染,134,59,99,148,47,84,1.18,55
21,2013-11-22,轻度污染,131,59,97,125,28,79,1.21,64
22,2013-11-23,轻度污染,111,43,71,98,23,71,0.93,74
23,2013-11-24,良,84,28,56,88,21,53,1.11,55
24,2013-11-25,良,59,16,25,59,22,42,0.92,63
25,2013-11-26,良,67,30,48,97,30,61,1.04,70
26,2013-11-27,良,85,55,59,89,21,52,1.0,44
27,2013-11-28,良,56,23,29,46,17,31,0.79,66
28,2013-11-29,良,51,8,28,49,25,41,0.66,64
29,2013-11-30,良,58,13,51,72,35,65,1.06,49
0,2013-10-28,轻度污染,133,53,98,126,30,64,1.28,103
1,2013-10-29,轻度污染,106,53,73,102,35,58,1.06,100
2,2013-10-30,轻度污染,112,70,68,97,30,61,0.88,102
3,2013-10-31,轻度污染,107,66,69,97,36,65,0.99,92
